,Player,Squad,Pos,xG_x,Cmp,Att_x,Cmp%,TotDist,PrgDist,Sh,SoT,SoT%,xG_y,Succ,Att_y,Tkl,TklW,Def 3rd,Mid 3rd,Att 3rd,Blocks,Int,Clr,Err,Annual Wages,PSxG
0,Luis Abram,Granada,DF,0.2,191,226,84.5,3666,1177,2,0,0.0,0.2,0,0,6,3,3,3,0,6,5,37,1,900000.0,0
1,Marcos Acuña,Sevilla,DF,1.5,1543,1963,78.6,29328,10206,16,5,31.3,1.5,44,66,50,29,27,14,9,22,14,25,1,2840000.0,0
2,Martin Agirregabiria,Alavés,DF,0.2,547,792,69.1,9008,4537,4,0,0.0,0.2,14,19,34,22,17,11,6,20,25,38,0,350000.0,0
3,Julen Agirrezabala,Athletic Club,GK,0.0,62,82,75.6,1721,1230,0,0,0,0.0,0,0,0,0,0,0,0,0,0,2,0,580000.0,0
4,Sergio Agüero,Barcelona,FW,1.2,30,42,71.4,396,45,6,1,16.7,1.2,1,2,1,1,0,0,1,0,0,0,0,10420000.0,0
5,Joseph Aidoo,Celta Vigo,DF,0.5,1270,1567,81.0,26020,8332,6,1,16.7,0.5,9,11,39,26,28,10,1,23,38,96,3,1950000.0,0
6,Carlos Akapo,Cádiz,DF,0.5,611,832,73.4,10222,3920,10,1,10.0,0.5,12,21,43,31,26,15,2,26,51,61,0,450000.0,0
7,Paul Akouokou,Betis,MF,0.1,284,325,87.4,4724,1363,2,0,0.0,0.1,6,8,14,9,5,7,2,6,11,6,0,510000.0,0
8,David Alaba,Real Madrid,DF,1.7,1788,1968,90.9,29585,10903,21,7,33.3,1.7,4,10,23,13,15,6,2,26,22,70,1,22500000.0,0
9,Tomás Alarcón,Cádiz,MF,1.2,398,572,69.6,7977,2385,15,2,13.3,1.2,4,8,31,20,17,10,4,19,30,31,0,830000.0,0
10,Jordi Alba,Barcelona,DF,1.8,2334,2795,83.5,36392,12699,31,6,19.4,1.8,6,22,47,34,12,26,9,26,33,41,1,20830000.0,0
11,Raúl Albiol,Villarreal,DF,0.5,1339,1560,85.8,28053,9682,5,1,20.0,0.5,3,4,26,15,20,5,1,24,21,126,1,4790000.0,0
12,Paco Alcácer,Villarreal,FW,3.3,123,175,70.3,1468,202,18,7,38.9,3.3,5,10,9,3,2,4,3,7,6,1,0,5210000.0,0
13,Rubén Alcaraz,Cádiz,MF,1.6,556,667,83.4,10541,3267,23,6,26.1,1.6,11,17,41,20,14,24,3,10,13,14,0,770000.0,0
14,Omar Alderete,Valencia,DF,0.9,580,961,60.4,13798,6806,18,5,27.8,0.9,13,14,53,34,34,17,2,30,35,153,0,1200000.0,0
15,Iván Alejo,Cádiz,MF,1.3,193,329,58.7,3129,1194,12,4,33.3,1.3,15,43,33,15,21,10,2,12,8,17,0,470000.0,0
16,Carles Aleñá,Getafe,MF,2.4,683,869,78.6,11661,2452,46,14,30.4,2.4,17,35,27,19,11,13,3,21,15,16,0,630000.0,0
17,Yeray Álvarez,Athletic Club,DF,0.6,832,1019,81.6,16426,6655,7,0,0.0,0.6,2,3,24,14,15,8,1,21,45,97,0,2560000.0,0
18,Dani Alves,Barcelona,DF,0.3,915,1089,84.0,13852,4399,5,2,40.0,0.3,12,12,30,19,13,13,4,10,11,10,2,155000.0,0
19,Amath,Mallorca,FW,1.5,159,202,78.7,2044,508,11,4,36.4,1.5,15,31,21,11,11,6,4,12,7,7,0,420000.0,0
20,Florin Andone,Cádiz,FW,0.3,25,38,65.8,283,21,3,1,33.3,0.3,2,2,1,1,1,0,0,2,0,1,0,2430000.0,0
21,José Ángel,Osasuna,DF,0.3,590,785,75.2,12280,5279,11,3,27.3,0.3,20,29,20,13,9,9,2,6,10,21,0,650000.0,0
22,Mauro Arambarri,Getafe,MF,1.7,933,1266,73.7,19629,5435,37,8,21.6,1.7,32,50,62,37,19,32,11,35,32,18,0,1530000.0,0
23,Néstor Araujo,Celta Vigo,DF,0.4,1326,1555,85.3,26401,6871,8,1,12.5,0.4,5,8,22,14,17,5,0,17,27,105,2,1840000.0,0
24,Ronald Araújo,Barcelona,DF,1.8,1491,1662,89.7,28250,8838,18,10,55.6,1.8,6,8,41,23,29,12,0,37,23,66,1,7000000.0,0
25,Jesús Areso,Osasuna,DF,0.0,49,73,67.1,904,504,0,0,0,0.0,0,0,3,3,2,1,0,0,0,2,1,400000.0,0
26,Matias Arezo,Granada,FW,1.0,18,38,47.4,187,69,5,3,60.0,1.0,2,5,5,3,2,1,2,1,1,1,0,200000.0,0
27,Santiago Arias,Granada,DF,0.6,153,218,70.2,2480,1038,3,1,33.3,0.6,3,7,12,5,8,3,1,8,5,10,0,920000.0,0
28,Santiago Arzamendia,Cádiz,MF,0.3,105,170,61.8,1588,457,7,1,14.3,0.3,3,10,14,6,6,5,3,6,4,7,0,200000.0,0
29,Sergio Asenjo,Villarreal,GK,0.0,185,228,81.1,4206,2778,0,0,0,0.0,0,0,0,0,0,0,0,0,1,6,0,3460000.0,0
30,Marco Asensio,Real Madrid,FW,8.4,731,894,81.8,10841,2086,64,32,50.0,8.4,27,40,12,8,6,4,2,8,12,6,1,9830000.0,0
31,Iago Aspas,Celta Vigo,FW,14.8,968,1371,70.6,13844,2606,85,36,42.4,14.8,51,83,14,7,1,5,8,23,11,19,0,2600000.0,0
32,Pierre-Emerick Aubameyang,Barcelona,FW,7.0,176,238,73.9,2279,294,37,20,54.1,7.0,4,6,2,2,0,1,1,9,2,4,0,2500000.0,0
33,Ludwig Augustinsson,Sevilla,DF,0.3,437,551,79.3,6682,2082,4,2,50.0,0.3,2,2,18,14,11,3,4,10,5,21,0,1070000.0,0
34,Serge Aurier,Villarreal,DF,1.0,623,742,84.0,10307,3447,11,2,18.2,1.0,14,19,14,9,11,2,1,14,11,25,0,1170000.0,0
35,Ezequiel Ávila,Osasuna,FW,4.7,307,556,55.2,5848,1808,62,15,24.2,4.7,18,32,17,7,6,7,4,14,13,15,1,1500000.0,0
36,Iddrisu Baba,Mallorca,MF,1.6,617,779,79.2,11335,3758,23,8,34.8,1.6,22,31,57,30,31,23,3,19,24,34,1,820000.0,0
37,Carlos Bacca,Granada,FW,1.0,62,99,62.6,913,280,9,2,22.2,1.0,7,11,4,4,2,0,2,5,1,5,0,1080000.0,0
38,Édgar Badía,Elche,GK,0.0,565,830,68.1,18595,14474,0,0,0,0.0,0,0,0,0,0,0,0,0,0,16,2,650000.0,36.2
39,Miguel Baeza,Celta Vigo,DF,0.0,4,5,80.0,56,7,0,0,0,0.0,0,0,0,0,0,0,0,0,0,0,0,780000.0,0
40,Alejandro Balde,Barcelona,DF,0.0,138,150,92.0,1779,312,1,0,0.0,0.0,1,5,2,1,1,0,1,2,1,1,0,160000.0,0
41,Gareth Bale,Real Madrid,FW,1.3,45,65,69.2,668,177,15,6,40.0,1.3,1,4,2,1,1,0,1,2,2,1,0,34000000.0,0
42,Mikel Balenziaga,Athletic Club,DF,0.3,765,1013,75.5,11605,4473,7,2,28.6,0.3,6,12,33,24,15,15,3,27,21,79,0,1650000.0,0
43,Iván Balliu,Rayo Vallecano,DF,1.1,1350,1796,75.2,22969,10202,15,3,20.0,1.1,22,54,45,22,25,11,9,24,39,64,0,330000.0,0
44,Barbero,Osasuna,FW,0.0,7,11,63.6,59,7,0,0,0,0.0,0,0,0,0,0,0,0,0,0,1,0,155000.0,0
45,Enis Bardhi,Levante,MF,4.2,529,749,70.6,8708,2774,41,8,19.5,4.2,38,74,29,12,12,14,3,13,10,7,0,1020000.0,0
46,Keidi Bare,Espanyol,MF,0.4,761,886,85.9,12983,3403,4,1,25.0,0.4,9,16,27,17,14,12,1,20,15,26,1,700000.0,0
47,Kike Barja,Osasuna,MF,1.4,249,374,66.6,3893,923,17,6,35.3,1.4,34,57,15,11,4,7,4,10,9,4,0,460000.0,0
48,Antonio Barragán,Elche,DF,0.0,423,542,78.0,7372,3246,1,0,0.0,0.0,0,1,21,14,13,7,1,5,17,34,0,200000.0,0
49,Ander Barrenetxea,Real Sociedad,FW,0.8,129,184,70.1,1869,529,8,2,25.0,0.8,15,37,15,10,9,6,0,7,2,2,0,310000.0,0
50,Marc Bartra,Betis,DF,1.6,926,1131,81.9,18444,7345,15,3,20.0,1.6,7,8,39,14,18,17,4,39,33,105,1,2700000.0,0
51,Álvaro Bastida,Cádiz,MF,0.0,41,53,77.4,681,108,0,0,0,0.0,0,0,7,4,2,4,1,1,3,1,0,60000.0,0
52,Rodrigo Battaglia,Mallorca,MF,0.5,427,515,82.9,6418,2202,5,1,20.0,0.5,10,15,32,16,13,19,0,21,10,36,0,1380000.0,0
53,Bebé,Rayo Vallecano,FW,2.1,208,332,62.7,3687,939,50,8,16.0,2.1,29,48,6,5,1,3,2,18,3,6,0,280000.0,0
54,Héctor Bellerín,Betis,DF,0.7,804,1048,76.7,12134,4764,10,2,20.0,0.7,22,42,52,32,29,20,3,11,23,57,1,6670000.0,0
55,Fran Beltrán,Celta Vigo,MF,0.5,1716,1893,90.6,31485,7076,20,4,20.0,0.5,19,27,56,41,27,23,6,29,32,39,0,900000.0,0
56,Darío Benedetto,Elche,FW,2.4,72,112,64.3,1311,310,18,6,33.3,2.4,10,18,5,1,2,2,1,4,1,1,0,3100000.0,0
57,Karim Benzema,Real Madrid,FW,24.3,1043,1245,83.8,13822,3030,117,48,41.0,24.3,36,51,11,9,5,3,3,10,4,13,0,24000000.0,0
58,Yuri Berchiche,Athletic Club,DF,0.5,487,634,76.8,7612,3366,8,3,37.5,0.5,8,11,25,11,10,11,4,19,13,25,0,4200000.0,0
59,Álex Berenguer,Athletic Club,MF,5.4,548,877,62.5,8138,2773,45,14,31.1,5.4,33,71,45,26,23,14,8,40,16,20,0,2850000.0,0
60,Pedro Bigas,Elche,DF,0.7,806,933,86.4,15307,5939,12,3,25.0,0.7,2,6,24,10,16,8,0,21,18,77,1,210000.0,0
61,Yassine Bounou,Sevilla,GK,0.0,819,1072,76.4,23163,13692,0,0,0,0.0,1,1,0,0,0,0,0,0,0,11,1,1660000.0,20.9
62,Lucas Boyé,Elche,FW,5.0,306,426,71.8,4319,733,49,16,32.7,5.0,57,88,27,13,5,15,7,24,2,23,0,320000.0,0
63,Martin Braithwaite,Barcelona,FW,1.4,44,56,78.6,549,80,7,3,42.9,1.4,2,3,1,1,0,0,1,2,1,1,0,6000000.0,0
64,Darko Brašanac,Osasuna,MF,1.5,676,910,74.3,9449,2146,17,5,29.4,1.5,15,27,35,22,19,14,2,25,25,15,0,770000.0,0
65,Claudio Bravo,Betis,GK,0.0,332,507,65.5,10758,8164,0,0,0,0.0,0,0,0,0,0,0,0,0,0,6,2,1600000.0,1.0
66,Yan Brice Eteki,Granada,MF,0.0,95,127,74.8,1589,466,1,0,0.0,0.0,1,3,6,3,3,2,1,7,4,6,1,500000.0,0
67,Bryan,Valencia,MF,1.4,156,244,63.9,2193,794,11,2,18.2,1.4,17,35,13,8,6,3,4,13,1,4,0,4940000.0,0
68,Ante Budimir,Osasuna,FW,8.9,204,358,57.0,2566,416,43,19,44.2,8.9,11,31,24,10,3,15,6,22,3,16,0,630000.0,0
69,Sergio Busquets,Barcelona,MF,0.8,2430,2793,87.0,42404,12095,14,4,28.6,0.8,21,26,93,49,31,48,14,44,45,31,0,22000000.0,0
70,Erick Cabaco,Getafe,DF,0.1,115,173,66.5,2469,1160,1,0,0.0,0.1,0,0,2,1,1,1,0,5,4,10,0,470000.0,0
71,Leandro Cabrera,Espanyol,DF,1.4,1458,1934,75.4,30092,15088,18,6,33.3,1.4,1,5,37,24,27,10,0,32,44,222,2,1480000.0,0
72,Martín Cáceres,Levante,DF,0.0,287,353,81.3,5485,1893,0,0,0,0.0,1,1,2,2,2,0,0,2,11,16,1,750000.0,0
73,Cala,Cádiz,DF,0.6,216,295,73.2,5017,1832,5,0,0.0,0.6,1,1,9,4,9,0,0,12,12,56,0,1100000.0,0
74,Fernando Calero,Espanyol,DF,0.1,528,633,83.4,9557,3859,1,0,0.0,0.1,4,5,17,10,12,5,0,7,16,63,1,990000.0,0
75,Víctor Camarasa,Betis,MF,0.0,41,50,82.0,701,185,1,0,0.0,0.0,0,1,2,1,1,1,0,2,2,2,0,890000.0,0
76,Eduardo Camavinga,Real Madrid,MF,1.3,760,847,89.7,13399,3459,12,5,41.7,1.3,22,32,52,35,22,20,10,20,17,14,1,8330000.0,0
77,José Campaña,Levante,MF,1.6,715,880,81.3,11816,4424,12,5,41.7,1.6,21,35,27,16,13,10,4,13,21,19,1,1600000.0,0
78,Sergio Canales,Betis,FW,4.8,1551,1878,82.6,25591,6640,54,24,44.4,4.8,29,57,24,14,8,12,4,16,10,12,0,1370000.0,0
79,Álex Cantero,Levante,FW,2.4,89,131,67.9,1347,374,15,5,33.3,2.4,8,15,6,4,2,3,1,2,1,0,0,320000.0,0
80,Ander Capa,Athletic Club,DF,0.0,1,2,50.0,19,19,1,0,0.0,0.0,0,0,0,0,0,0,0,0,0,0,0,2000000.0,0
81,Étienne Capoue,Villarreal,MF,0.8,1167,1330,87.7,19190,5173,14,5,35.7,0.8,41,55,44,26,18,23,3,17,35,51,0,2920000.0,0
82,Isaac Carcelen,Cádiz,DF,0.5,540,735,73.5,9096,3232,11,4,36.4,0.5,11,24,43,29,29,12,2,25,34,42,0,480000.0,0
83,Cárdenas,Levante,GK,0.0,496,725,68.4,13104,9639,0,0,0,0.0,0,0,1,1,1,0,0,0,1,19,0,200000.0,0
84,Diego Carlos,Sevilla,DF,2.4,1916,2195,87.3,41010,14894,30,10,33.3,2.4,2,4,35,24,20,13,2,48,24,120,5,3320000.0,0
85,Yannick Carrasco,Atlético Madrid,FW,6.0,947,1253,75.6,12875,4031,48,9,18.8,6.0,88,136,34,19,16,12,6,26,19,12,2,7560000.0,0
86,Guido Carrillo,Elche,FW,2.9,208,302,68.9,2561,422,23,10,43.5,2.9,8,14,7,4,2,4,1,9,1,27,0,1230000.0,0
87,Dani Carvajal,Real Madrid,DF,0.7,1020,1193,85.5,16957,4438,10,2,20.0,0.7,10,18,43,28,21,15,7,22,20,38,2,9190000.0,0
88,William Carvalho,Betis,MF,4.0,1157,1321,87.6,19636,5794,33,10,30.3,4.0,48,70,49,33,20,25,4,18,16,20,0,3480000.0,0
89,Casemiro,Real Madrid,MF,2.6,1695,1989,85.2,30880,10039,41,9,22.0,2.6,19,27,79,51,45,30,4,65,38,65,3,9850000.0,0
90,Kiko Casilla,Elche,GK,0.0,324,486,66.7,9565,7214,0,0,0,0.0,0,0,0,0,0,0,0,0,1,2,2,1940000.0,0
91,Catena,Rayo Vallecano,DF,1.8,1393,1723,80.8,32147,13809,23,6,26.1,1.8,5,5,39,23,24,15,0,26,30,168,3,440000.0,0
92,Dani Ceballos,Real Madrid,MF,0.8,240,262,91.6,3954,1124,10,4,40.0,0.8,5,11,7,5,4,3,0,8,4,2,0,2820000.0,0
93,Franco Cervi,Celta Vigo,MF,3.2,560,763,73.4,8070,1975,22,9,40.9,3.2,20,39,73,41,35,22,16,38,21,19,0,2500000.0,0
94,Chapela,Cádiz,MF,0.1,52,87,59.8,1037,571,3,0,0.0,0.1,3,5,4,2,1,0,3,6,4,5,0,40000.0,0
95,Chema,Getafe,MF,0.0,11,15,73.3,259,102,1,0,0.0,0.0,0,0,0,0,0,0,0,0,0,0,0,440000.0,0
96,Denis Cheryshev,Valencia,MF,1.1,104,171,60.8,1671,410,10,4,40.0,1.1,6,11,14,5,6,1,7,9,9,9,0,3190000.0,0
97,Samuel Chukwueze,Villarreal,MF,4.5,337,465,72.5,5126,1011,32,7,21.9,4.5,67,126,13,9,6,5,2,7,5,4,0,1880000.0,0
98,Víctor Chust,Cádiz,DF,0.9,677,807,83.9,13732,4403,9,2,22.2,0.9,4,5,19,10,14,4,1,20,16,87,0,190000.0,0
99,Jasper Cillessen,Valencia,GK,0.0,299,447,66.9,10204,8337,0,0,0,0.0,0,0,0,0,0,0,0,0,1,6,0,3750000.0,0
100,Pathé Ciss,Rayo Vallecano,MF,1.7,435,523,83.2,8270,2398,19,5,26.3,1.7,10,15,31,15,20,8,3,16,30,27,0,340000.0,0
101,Carlos Clerc,Levante,DF,0.4,668,878,76.1,10342,3922,2,0,0.0,0.4,23,33,35,17,21,10,4,8,26,32,1,410000.0,0
102,Coke,Levante,DF,0.6,57,69,82.6,881,520,1,1,100.0,0.6,2,3,3,2,1,1,1,1,2,7,0,680000.0,0
103,Eray Cömert,Valencia,DF,0.4,169,201,84.1,3630,1367,3,1,33.3,0.4,0,0,5,3,4,1,0,3,2,6,0,1100000.0,0
104,Santi Comesaña,Rayo Vallecano,MF,3.9,1214,1481,82.0,20966,6613,32,5,15.6,3.9,48,64,87,56,45,33,9,46,33,30,0,520000.0,0
105,Diego Conde,Getafe,GK,0.0,0,6,0.0,0,0,0,0,0,0.0,0,0,0,0,0,0,0,0,0,0,0,155000.0,0
106,Francis Coquelin,Villarreal,MF,0.4,408,480,85.0,5874,1416,5,2,40.0,0.4,17,20,26,17,9,11,6,15,19,11,0,7710000.0,0
107,Jesús Corona,Sevilla,FW,2.2,466,603,77.3,7149,1472,12,3,25.0,2.2,19,44,12,7,7,5,0,4,8,6,0,3500000.0,0
108,Ángel Correa,Atlético Madrid,FW,7.6,465,638,72.9,5631,1250,50,23,46.0,7.6,32,55,16,8,5,10,1,25,10,4,0,3500000.0,0
109,Thierry Correia,Valencia,DF,0.2,453,658,68.8,8138,3515,3,1,33.3,0.2,11,22,35,23,26,6,3,20,19,27,0,1840000.0,0
110,Hélder Costa,Valencia,MF,0.5,191,302,63.2,2872,833,9,2,22.2,0.5,23,58,27,16,11,9,7,12,3,9,0,1970000.0,0
111,Jaume Costa,Mallorca,DF,0.6,724,1010,71.7,11216,4394,11,2,18.2,0.6,9,14,35,26,23,7,5,22,23,55,0,330000.0,0
112,Thibaut Courtois,Real Madrid,GK,0.0,936,1137,82.3,21923,14425,0,0,0,0.0,0,0,1,0,1,0,0,0,0,9,1,11820000.0,9.3
113,Philippe Coutinho,Barcelona,MF,3.3,268,325,82.5,3401,791,23,6,26.1,3.3,13,19,6,3,3,3,0,3,4,3,0,21880000.0,0
114,Juan Cruz Armada,Osasuna,DF,0.2,770,949,81.1,13970,5726,3,0,0.0,0.2,10,13,28,21,15,12,1,15,16,58,1,620000.0,0
115,Jorge Cuenca,Getafe,DF,1.1,742,1108,67.0,15044,6123,16,7,43.8,1.1,3,6,46,32,30,15,1,29,39,155,0,1530000.0,0
116,Matheus Cunha,Atlético Madrid,FW,6.0,151,216,69.9,1989,457,37,14,37.8,6.0,7,12,19,12,3,11,5,18,6,9,0,3000000.0,0
117,Sergi Darder,Espanyol,MF,3.1,1427,1733,82.3,25904,7951,44,17,38.6,3.1,53,77,45,22,16,19,10,16,26,32,1,2290000.0,0
118,Rodrigo De Paul,Atlético Madrid,MF,1.9,1106,1407,78.6,20406,6700,24,9,37.5,1.9,25,38,55,30,22,25,8,24,21,17,2,6670000.0,0
119,Thomas Delaney,Sevilla,MF,1.4,619,810,76.4,10807,2947,17,4,23.5,1.4,6,9,41,24,17,21,3,19,13,35,0,3470000.0,0
120,Ousmane Dembélé,Barcelona,FW,3.1,601,824,72.9,9231,2384,46,7,15.2,3.1,59,90,24,16,6,10,8,8,8,3,0,20000000.0,0
121,Yusuf Demir,Barcelona,FW,0.1,71,80,88.8,768,118,1,0,0.0,0.1,5,9,3,1,1,1,1,1,2,1,0,260000.0,0
122,Sergiño Dest,Barcelona,DF,1.4,876,999,87.7,12393,3470,12,3,25.0,1.4,37,66,32,15,21,10,1,22,2,18,0,6000000.0,0
123,Boulaye Dia,Villarreal,FW,5.9,189,253,74.7,2470,375,37,11,29.7,5.9,11,21,8,6,3,4,1,6,5,4,0,2920000.0,0
124,Mouctar Diakhaby,Valencia,DF,0.9,540,726,74.4,11887,4497,8,2,25.0,0.9,13,19,35,24,18,15,2,29,30,87,3,800000.0,0
125,Javier Díaz,Sevilla,GK,0.0,28,34,82.4,734,459,0,0,0,0.0,0,0,0,0,0,0,0,0,0,0,0,500000.0,0
126,Víctor Díaz,Granada,DF,0.8,508,694,73.2,9817,4122,13,2,15.4,0.8,4,8,23,15,14,9,0,19,17,71,1,440000.0,0
127,Landry Dimata,Espanyol,FW,1.5,67,92,72.8,949,133,8,0,0.0,1.5,6,10,2,2,1,1,0,0,1,7,0,1180000.0,0
128,Stole Dimitrievski,Rayo Vallecano,GK,0.0,545,947,57.6,18378,15122,0,0,0,0.0,0,0,0,0,0,0,0,0,1,14,3,700000.0,16.4
129,Matías Dituro,Celta Vigo,GK,0.0,926,1465,63.2,31107,24454,1,0,0.0,0.0,0,0,0,0,0,0,0,0,0,10,5,530000.0,0
130,Djené,Getafe,DF,0.2,1031,1348,76.5,19481,7885,4,1,25.0,0.2,18,18,44,26,24,16,4,24,59,109,2,2200000.0,0
131,Marko Dmitrović,Sevilla,GK,0.0,186,224,83.0,4797,2735,0,0,0,0.0,0,0,0,0,0,0,0,0,0,3,1,950000.0,2.6
132,Jaume Doménech,Valencia,GK,0.0,65,107,60.7,2437,2056,0,0,0,0.0,0,0,0,0,0,0,0,0,0,3,1,2110000.0,0
133,Carlos Dominguez,Celta Vigo,DF,0.1,131,167,78.4,2526,819,1,0,0.0,0.1,1,1,4,1,4,0,0,2,4,21,0,300000.0,0
134,Domingos Duarte,Granada,DF,0.9,567,738,76.8,11907,5154,6,1,16.7,0.9,2,3,18,14,9,9,0,27,22,82,0,1260000.0,0
135,Óscar Duarte,Levante,DF,1.4,807,970,83.2,16792,7265,19,5,26.3,1.4,1,2,18,8,12,6,0,18,24,102,0,450000.0,0
136,Rubén Duarte,Alavés,DF,0.4,897,1352,66.3,15269,7747,9,3,33.3,0.4,5,9,76,47,43,27,6,40,57,82,0,570000.0,0
137,Hugo Duro,Valencia,FW,4.2,271,391,69.3,3247,671,31,15,48.4,4.2,13,25,25,19,11,13,1,24,4,20,1,2890000.0,0
138,Aritz Elustondo,Real Sociedad,DF,1.8,989,1184,83.5,19247,7115,14,7,50.0,1.8,6,7,21,14,16,5,0,19,29,86,0,2110000.0,0
139,Adri Embarba,Espanyol,FW,3.7,474,782,60.6,7606,2300,49,16,32.7,3.7,41,80,44,29,22,15,7,35,19,30,0,660000.0,0
140,Youssef En-Nesyri,Sevilla,FW,6.5,122,191,63.9,1764,263,36,13,36.1,6.5,4,14,10,5,5,2,3,9,4,18,0,6420000.0,0
141,Gonzalo Escalante,Alavés,MF,2.7,265,399,66.4,4139,1281,16,9,56.3,2.7,7,9,30,14,9,20,1,27,21,28,0,2920000.0,0
142,Aarón Escandell,Granada,GK,0.0,72,128,56.3,2690,2371,0,0,0,0.0,0,0,0,0,0,0,0,0,0,4,0,160000.0,0
143,Sergio Escudero,Granada,DF,1.1,521,732,71.2,9345,3906,21,4,19.0,1.1,3,12,46,24,25,17,4,18,26,35,0,1300000.0,0
144,Alfonso Espino,Cádiz,DF,1.8,1092,1757,62.2,19456,8642,27,7,25.9,1.8,24,47,107,63,58,39,10,45,54,87,1,500000.0,0
145,Pervis Estupiñán,Villarreal,DF,1.0,820,1061,77.3,12658,4284,14,4,28.6,1.0,17,35,36,22,20,11,5,13,25,29,2,2290000.0,0
146,Abdessamad Ezzalzouli,Barcelona,FW,1.8,132,186,71.0,1611,223,16,4,25.0,1.8,34,59,17,9,9,5,3,3,9,0,0,180000.0,0
147,Radamel Falcao,Rayo Vallecano,FW,5.4,132,173,76.3,1780,245,33,15,45.5,5.4,3,10,2,1,0,1,1,4,2,11,0,1200000.0,0
148,Fali,Cádiz,DF,0.9,520,690,75.4,11113,3799,14,0,0.0,0.9,1,1,32,19,24,8,0,26,24,82,0,500000.0,0
149,Ansu Fati,Barcelona,FW,1.6,133,160,83.1,1417,245,18,8,44.4,1.6,4,14,3,2,0,2,1,4,1,0,0,13950000.0,0
150,Aleix Febas,Mallorca,MF,0.0,46,53,86.8,789,222,0,0,0,0.0,1,3,4,1,0,4,0,0,0,0,0,760000.0,0
151,Nabil Fekir,Betis,MF,6.1,1207,1507,80.1,18541,6012,84,32,38.1,6.1,82,123,43,29,5,25,13,14,7,7,0,6900000.0,0
152,Felipe,Atlético Madrid,DF,1.0,632,780,81.0,11329,4091,11,4,36.4,1.0,2,3,20,15,11,8,1,17,28,77,0,7560000.0,0
153,João Félix,Atlético Madrid,FW,6.2,325,451,72.1,4630,1355,39,15,38.5,6.2,31,52,5,2,1,4,0,4,7,8,0,14580000.0,0
154,Aitor Fernández,Levante,GK,0.0,267,381,70.1,7544,5808,0,0,0,0.0,0,0,2,1,2,0,0,0,0,7,0,1080000.0,0
155,Álex Fernández,Cádiz,MF,3.3,807,1042,77.4,14636,4344,19,6,31.6,3.3,9,22,47,31,22,17,8,30,30,31,0,490000.0,0
156,Fernando,Sevilla,MF,0.8,1115,1253,89.0,22507,6148,6,1,16.7,0.8,7,11,24,17,14,9,1,21,29,32,2,4870000.0,0
157,Fidel,Elche,MF,2.9,802,1112,72.1,12157,4732,17,7,41.2,2.9,44,75,44,23,18,17,9,9,7,20,0,620000.0,0
158,José Fontán,Celta Vigo,DF,0.1,170,205,82.9,3299,776,1,0,0.0,0.1,1,1,5,3,3,2,0,3,10,10,0,500000.0,0
159,Dimitri Foulquier,Valencia,DF,0.9,702,1014,69.2,12016,5268,16,5,31.3,0.9,23,33,36,17,17,15,4,19,29,49,0,1870000.0,0
160,Juan Foyth,Villarreal,DF,0.8,982,1178,83.4,16074,6119,6,2,33.3,0.8,28,40,69,49,35,28,6,29,20,50,0,4580000.0,0
161,Enric Franquesa,Levante,DF,0.1,198,263,75.3,2823,876,1,0,0.0,0.1,10,19,5,3,4,0,1,4,7,11,0,600000.0,0
162,Jorge de Frutos,Levante,MF,6.4,320,499,64.1,5109,1866,46,20,43.5,6.4,36,76,33,15,14,11,8,11,12,13,0,420000.0,0
163,Javi Galán,Celta Vigo,DF,0.6,1697,2182,77.8,27626,8103,19,5,26.3,0.6,85,125,108,66,60,37,11,48,45,52,0,1500000.0,0
164,Iñigo Ruiz de Galarreta,Mallorca,MF,0.6,616,761,80.9,10417,3377,8,3,37.5,0.6,26,35,40,21,14,21,5,16,20,21,0,660000.0,0
165,Thiago Galhardo,Celta Vigo,FW,4.2,170,276,61.6,2103,626,30,16,53.3,4.2,8,20,12,6,3,3,6,15,6,9,0,240000.0,0
166,Álvaro García,Rayo Vallecano,FW,6.9,640,1046,61.2,10222,3488,68,23,33.8,6.9,22,50,42,23,15,18,9,27,42,24,0,800000.0,0
167,Dani García,Athletic Club,MF,0.6,804,1036,77.6,14471,4403,12,2,16.7,0.6,4,6,36,22,15,17,4,27,24,41,1,2770000.0,0
168,David García,Osasuna,DF,1.5,1169,1466,79.7,24413,10143,31,4,12.9,1.5,3,4,28,14,15,11,2,27,52,168,0,620000.0,0
169,Eric García,Barcelona,DF,0.2,1568,1689,92.8,29467,10517,6,4,66.7,0.2,2,3,27,18,13,13,1,22,44,53,3,3000000.0,0
170,Francisco Garcia,Rayo Vallecano,DF,1.3,1310,1690,77.5,21253,7515,25,8,32.0,1.3,22,45,60,35,44,12,4,34,45,53,0,170000.0,0
171,Joan García,Espanyol,GK,0.0,27,34,79.4,685,509,0,0,0,0.0,0,0,0,0,0,0,0,0,1,1,2,200000.0,0
172,Manu García,Alavés,MF,0.5,437,578,75.6,8330,2818,8,1,12.5,0.5,32,45,18,9,6,9,3,8,13,4,0,1180000.0,0
173,Raúl García,Athletic Club,FW,6.1,364,609,59.8,5420,1852,43,12,27.9,6.1,9,12,27,17,6,11,10,30,9,21,0,8320000.0,0
174,Rubén García,Osasuna,MF,3.5,899,1268,70.9,15312,4754,31,10,32.3,3.5,24,47,43,26,12,23,8,31,24,16,0,1350000.0,0
175,Saúl García,Alavés,MF,0.0,1,3,33.3,32,10,0,0,0,0.0,0,0,1,1,1,0,0,0,0,0,0,440000.0,0
176,Unai García,Osasuna,DF,0.4,411,555,74.1,9682,3347,8,0,0.0,0.4,3,4,21,12,14,6,1,19,22,78,0,680000.0,0
177,Mario Gaspar,Villarreal,DF,0.3,295,370,79.7,4777,1922,4,1,25.0,0.3,3,4,10,4,2,5,3,6,6,15,0,3330000.0,0
178,Gavi,Barcelona,MF,4.4,1086,1262,86.1,14787,2659,30,8,26.7,4.4,53,86,38,18,13,18,7,36,25,13,0,210000.0,0
179,Óscar Gil,Espanyol,DF,0.3,610,738,82.7,9022,2677,6,1,16.7,0.3,13,27,52,35,27,20,5,33,19,33,2,520000.0,0
180,Dani Gómez,Levante,FW,5.3,155,197,78.7,1958,396,31,14,45.2,5.3,18,46,7,4,3,2,2,3,3,5,0,650000.0,0
181,Maxi Gómez,Valencia,FW,5.4,254,411,61.8,3630,715,43,13,30.2,5.4,5,18,5,3,1,2,2,5,3,22,0,1500000.0,0
182,Moi Gómez,Villarreal,MF,2.7,474,596,79.5,7458,1887,13,5,38.5,2.7,13,22,15,7,8,3,4,5,6,6,0,1880000.0,0
183,Papu Gómez,Sevilla,FW,2.7,832,971,85.7,14139,3348,34,12,35.3,2.7,28,54,19,11,9,5,5,15,7,12,2,6250000.0,0
184,Sergi Gómez,Espanyol,DF,0.7,1161,1371,84.7,23475,8416,8,3,37.5,0.7,1,1,33,24,29,3,1,33,40,125,2,650000.0,0
185,Maxime Gonalons,Granada,MF,0.5,550,657,83.7,10419,3546,11,2,18.2,0.5,14,21,43,28,17,22,4,33,18,29,0,3700000.0,0
186,Diego González,Elche,DF,0.4,594,721,82.4,12217,3976,4,1,25.0,0.4,1,1,25,16,18,7,0,21,19,87,0,155000.0,0
187,Édgar González,Betis,DF,1.0,797,909,87.7,14594,5482,5,1,20.0,1.0,4,4,25,19,15,8,2,17,23,82,0,250000.0,0
188,Giovanni González,Mallorca,DF,0.4,149,203,73.4,2232,832,3,1,33.3,0.4,3,4,9,3,4,4,1,7,4,14,0,800000.0,0
189,Nicolás González,Barcelona,MF,1.4,611,686,89.1,8708,1806,17,3,17.6,1.4,34,43,31,20,5,23,3,12,6,12,0,600000.0,0
190,Roberto González,Betis,FW,0.1,29,37,78.4,376,81,2,0,0.0,0.1,2,5,5,4,3,2,0,5,1,1,0,155000.0,0
191,Andoni Gorosabel,Real Sociedad,DF,0.8,1199,1453,82.5,17610,6525,11,0,0.0,0.8,18,34,47,31,32,9,6,16,18,49,0,700000.0,0
192,Jaume Grau,Osasuna,MF,0.0,2,4,50.0,43,26,0,0,0,0.0,0,0,1,1,1,0,0,0,0,0,0,155000.0,0
193,Dominik Greif,Mallorca,GK,0.0,20,31,64.5,449,276,0,0,0,0.0,0,0,0,0,0,0,0,0,0,0,0,300000.0,0
194,Antoine Griezmann,Atlético Madrid,FW,5.3,544,704,77.3,7532,1658,43,14,32.6,5.3,19,29,30,14,11,15,4,18,7,18,0,20830000.0,0
195,Arnaut Groeneveld,Villarreal,FW,11.8,278,380,73.2,3609,637,59,25,42.4,11.8,33,61,7,6,3,0,4,5,2,3,0,3130000.0,0
196,Andrés Guardado,Betis,MF,1.1,798,954,83.6,15233,4717,15,3,20.0,1.1,6,10,30,13,12,17,1,18,21,29,1,1910000.0,0
197,Sergi Guardiola,Rayo Vallecano,FW,7.7,270,403,67.0,3792,824,50,16,32.0,7.7,13,20,10,9,3,5,2,14,4,17,0,390000.0,0
198,Nemanja Gudelj,Sevilla,DF,0.1,602,675,89.2,10848,3055,4,1,25.0,0.1,0,0,16,7,10,4,2,14,22,37,0,2640000.0,0
199,Gonçalo Guedes,Valencia,FW,6.6,563,878,64.1,9510,3315,67,24,35.8,6.6,64,124,21,14,6,7,8,14,9,1,0,6100000.0,0
200,Ander Guevara,Real Sociedad,MF,0.1,525,611,85.9,9144,2336,2,0,0.0,0.1,3,4,18,13,6,10,2,12,12,8,0,870000.0,0
201,John Guidetti,Alavés,FW,0.9,54,75,72.0,618,111,10,2,20.0,0.9,4,6,2,1,0,0,2,1,0,0,0,520000.0,0
202,Hugo Guillamón,Valencia,MF,0.6,890,1112,80.0,17589,5543,7,2,28.6,0.6,10,16,43,27,20,16,7,26,30,53,1,1620000.0,0
203,Gerard Gumbau,Elche,MF,1.0,836,1064,78.6,15799,4666,21,3,14.3,1.0,7,13,46,19,22,19,5,18,23,25,0,210000.0,0
204,Jon Guridi,Real Sociedad,MF,0.8,57,81,70.4,745,150,2,1,50.0,0.8,5,9,5,3,2,3,0,3,3,4,0,1000000.0,0
205,Raúl Guti,Elche,MF,1.6,659,790,83.4,10891,2926,18,5,27.8,1.6,11,21,25,15,7,14,4,9,25,7,0,470000.0,0
206,Marcos Mauro López Gutiérrez,Cádiz,DF,0.0,13,26,50.0,223,69,0,0,0,0.0,0,0,1,0,0,1,0,2,1,9,0,340000.0,0
207,Miguel Gutiérrez,Real Madrid,DF,0.0,165,182,90.7,2970,790,0,0,0,0.0,6,9,7,5,5,0,2,0,2,2,0,750000.0,0
208,Munir El Haddadi,Sevilla,FW,1.5,102,133,76.7,1521,317,12,7,58.3,1.5,2,8,8,4,1,6,1,7,5,2,0,4980000.0,0
209,Varazdat Haroyan,Cádiz,DF,0.7,335,435,77.0,6533,2165,3,2,66.7,0.7,3,4,31,21,20,10,1,22,15,62,0,320000.0,0
210,Eden Hazard,Real Madrid,FW,1.2,359,407,88.2,4710,910,12,7,58.3,1.2,25,31,6,3,3,2,1,3,2,0,0,31250000.0,0
211,Mario Hermoso,Atlético Madrid,DF,2.4,1115,1297,86.0,20339,7153,17,4,23.5,2.4,8,11,30,15,23,4,3,18,29,49,2,2100000.0,0
212,Aridane Hernández,Osasuna,DF,0.2,430,540,79.6,8873,3347,2,0,0.0,0.2,2,3,12,9,10,2,0,11,20,71,0,610000.0,0
213,Luis Hernández,Cádiz,DF,0.7,622,806,77.2,13293,5416,6,1,16.7,0.7,0,0,9,5,9,0,0,5,16,34,0,140000.0,0
214,Mario Hernández,Rayo Vallecano,DF,0.3,139,208,66.8,2254,1055,3,1,33.3,0.3,2,6,10,4,7,3,0,1,4,7,0,160000.0,0
215,Héctor Herrera,Atlético Madrid,MF,0.5,560,668,83.8,9068,2884,8,3,37.5,0.5,16,19,16,8,11,4,1,13,12,16,0,6000000.0,0
216,Sergio Herrera,Osasuna,GK,0.0,668,1160,57.6,28646,25456,0,0,0,0.0,3,3,3,2,3,0,0,1,1,18,0,950000.0,9.1
217,Yangel Herrera,Espanyol,MF,1.0,702,870,80.7,10580,3101,15,2,13.3,1.0,19,30,41,31,19,19,3,27,19,33,1,720000.0,0
218,Matthew Hoppe,Mallorca,FW,0.1,24,34,70.6,258,30,2,0,0.0,0.1,0,3,1,0,0,0,1,0,0,0,0,155000.0,0
219,Robert Ibáñez,Osasuna,MF,0.3,29,36,80.6,378,164,3,0,0.0,0.3,2,2,3,3,2,0,1,1,1,1,0,350000.0,0
220,Vicente Iborra,Villarreal,MF,0.9,545,636,85.7,9370,2198,8,2,25.0,0.9,2,4,19,10,9,7,3,11,11,27,1,5630000.0,0
221,Oussama Idrissi,Sevilla,MF,0.2,39,51,76.5,671,73,4,2,50.0,0.2,8,10,1,0,0,1,0,1,1,1,0,1480000.0,0
222,Iglesias,Getafe,DF,0.1,163,330,49.4,3582,1850,5,0,0.0,0.1,5,9,19,10,11,8,0,8,10,28,0,155000.0,0
223,Borja Iglesias,Betis,FW,7.5,240,342,70.2,3384,553,35,16,45.7,7.5,13,32,6,4,1,2,3,11,4,7,0,1290000.0,0
224,Asier Illarramendi,Real Sociedad,MF,0.0,252,292,86.3,4040,1091,0,0,0,0.0,3,7,9,5,5,3,1,5,4,12,0,4360000.0,0
225,Nikita Iosifov,Villarreal,MF,0.0,2,4,50.0,24,0,0,0,0,0.0,1,1,0,0,0,0,0,0,0,0,0,350000.0,0
226,Alexander Isak,Real Sociedad,FW,11.2,316,440,71.8,4102,829,71,33,46.5,11.2,44,88,7,4,1,3,3,14,3,10,0,1120000.0,0
227,Isco,Real Madrid,MF,1.0,238,271,87.8,3885,1057,9,3,33.3,1.0,17,25,9,5,4,4,1,1,2,1,0,13120000.0,0
228,Jakub Jankto,Getafe,DF,0.4,163,250,65.2,2640,966,6,0,0.0,0.4,4,6,11,7,5,5,1,4,4,7,0,670000.0,0
229,Adnan Januzaj,Real Sociedad,FW,4.5,486,749,64.9,9086,3098,40,13,32.5,4.5,46,79,17,11,5,8,4,15,12,15,0,4000000.0,0
230,Jason,Alavés,MF,1.0,112,218,51.4,2070,872,9,2,22.2,1.0,5,18,11,7,6,4,1,7,7,5,0,1050000.0,0
231,Luis Javier Suárez,Granada,FW,11.4,427,664,64.3,6379,1311,85,25,29.4,11.4,44,79,26,14,9,9,8,25,6,23,0,1540000.0,0
232,Álvaro Jiménez,Cádiz,MF,0.2,43,72,59.7,688,267,3,1,33.3,0.2,8,15,6,3,3,2,1,3,3,0,0,320000.0,0
233,Joaquín,Betis,FW,1.9,212,274,77.4,3331,926,10,3,30.0,1.9,17,30,6,2,4,2,0,5,3,10,0,1440000.0,0
234,Frenkie de Jong,Barcelona,MF,4.2,1504,1680,89.5,23427,5811,17,7,41.2,4.2,51,60,35,19,12,18,5,19,20,16,0,29170000.0,0
235,Luuk de Jong,Barcelona,FW,4.3,132,185,71.4,1648,189,24,10,41.7,4.3,3,4,9,7,1,5,3,4,0,12,0,1200000.0,0
236,Joan Jordán,Sevilla,MF,1.1,1601,1833,87.3,29338,7166,16,1,6.3,1.1,23,37,61,30,22,31,8,27,30,18,1,4720000.0,0
237,Josan,Elche,DF,1.2,383,537,71.3,5957,2134,12,5,41.7,1.2,27,46,36,22,23,9,4,11,10,21,0,155000.0,0
238,Willian José,Betis,FW,6.7,418,541,77.3,6160,1068,32,9,28.1,6.7,6,16,15,13,2,10,3,10,3,16,0,3000000.0,0
239,Joselu,Alavés,FW,13.9,657,1104,59.5,9048,2171,90,33,36.7,13.9,18,51,16,11,1,9,6,21,7,45,0,710000.0,0
240,Josema,Elche,DF,0.0,38,65,58.5,690,287,0,0,0,0.0,0,0,3,2,1,1,1,1,0,11,0,180000.0,0
241,Luka Jović,Real Madrid,FW,2.7,52,67,77.6,705,121,16,4,25.0,2.7,3,6,1,1,0,1,0,3,1,4,0,12500000.0,0
242,Miguel Juan Llambrich,Espanyol,DF,0.0,34,47,72.3,537,138,0,0,0,0.0,2,3,2,2,1,1,0,1,0,5,0,350000.0,0
243,José Juan Macías,Getafe,FW,0.2,30,44,68.2,354,67,4,0,0.0,0.2,5,10,1,0,0,0,1,1,1,0,0,155000.0,0
244,Juanmi,Betis,FW,11.3,393,502,78.3,5738,1356,55,30,54.5,11.3,29,44,39,25,11,19,9,24,9,10,1,910000.0,0
245,Lago Junior,Mallorca,FW,0.6,27,46,58.7,313,106,6,1,16.7,0.6,3,8,3,2,3,0,0,0,2,2,0,450000.0,0
246,Vinicius Júnior,Real Madrid,FW,13.7,1075,1289,83.4,14515,2865,80,42,52.5,13.7,95,209,46,24,23,19,4,25,6,6,0,6670000.0,0
247,Jutglà,Barcelona,FW,1.9,100,122,82.0,1288,156,10,4,40.0,1.9,2,5,2,1,0,1,1,2,1,1,0,130000.0,0
248,Jens Jønsson,Cádiz,MF,0.5,255,336,75.9,3813,969,6,0,0.0,0.5,8,10,40,29,22,17,1,17,34,32,0,840000.0,0
249,Lee Kangin,Mallorca,MF,1.6,407,587,69.3,5836,1705,36,15,41.7,1.6,38,61,13,6,2,9,2,11,5,7,0,250000.0,0
250,Kike,Osasuna,FW,7.3,336,510,65.9,4917,989,52,19,36.5,7.3,13,35,11,7,3,4,4,10,3,12,0,640000.0,0
251,Koba Koindredi,Valencia,MF,0.0,30,47,63.8,564,183,1,0,0.0,0.0,2,3,4,3,2,1,1,3,4,5,0,760000.0,0
252,Koke,Atlético Madrid,MF,1.1,1505,1772,84.9,23282,7036,12,6,50.0,1.1,13,18,55,30,19,29,7,21,24,31,1,16000000.0,0
253,Geoffrey Kondogbia,Atlético Madrid,MF,0.6,854,999,85.5,14466,4061,15,1,6.7,0.6,29,33,74,44,25,40,9,16,44,24,0,6900000.0,0
254,Jules Koundé,Sevilla,DF,1.5,1894,2153,88.0,34950,12876,13,3,23.1,1.5,24,39,40,17,27,10,3,33,21,101,2,1100000.0,0
255,Toni Kroos,Real Madrid,MF,2.7,2068,2259,91.5,38606,12144,46,12,26.1,2.7,9,17,34,26,13,17,4,16,12,13,1,21940000.0,0
256,Takefusa Kubo,Mallorca,FW,3.2,349,504,69.2,5067,1876,48,8,16.7,3.2,40,64,31,19,12,14,5,24,8,4,0,1000000.0,0
257,Víctor Laguardia,Alavés,DF,1.9,930,1246,74.6,21654,9854,13,5,38.5,1.9,0,0,29,16,21,8,0,36,27,151,1,650000.0,0
258,Diego Lainez,Betis,FW,0.1,43,56,76.8,527,103,1,1,100.0,0.1,6,9,1,1,0,1,0,3,1,0,0,400000.0,0
259,Érik Lamela,Sevilla,FW,3.0,410,487,84.2,5862,1242,21,12,57.1,3.0,18,34,31,18,12,14,5,11,5,3,0,2630000.0,0
260,Toni Lato,Valencia,DF,0.0,230,314,73.2,4097,1497,0,0,0,0.0,8,8,17,12,12,3,2,6,8,14,0,1760000.0,0
261,Robin Le Normand,Real Sociedad,DF,1.8,1897,2163,87.7,36808,11092,18,5,27.8,1.8,1,3,49,32,36,8,5,34,48,125,0,1110000.0,0
262,Jeremías Ledesma,Cádiz,GK,0.0,606,1160,52.2,23952,20066,1,1,100.0,0.0,2,2,3,1,3,0,0,0,1,21,4,1280000.0,22.7
263,Wu Lei,Espanyol,FW,0.9,60,89,67.4,765,170,7,5,71.4,0.9,1,6,3,2,1,2,0,4,4,3,0,1310000.0,0
264,Florian Lejeune,Alavés,DF,1.7,908,1172,77.5,21891,8978,22,2,9.1,1.7,3,6,33,24,22,10,1,30,31,158,0,1430000.0,0
265,Iñigo Lekue,Athletic Club,DF,0.3,874,1205,72.5,14858,6449,7,1,14.3,0.3,13,29,32,23,16,12,4,37,23,63,0,1550000.0,0
266,Thomas Lemar,Atlético Madrid,MF,3.8,621,791,78.5,9420,2948,29,8,27.6,3.8,33,56,24,14,9,12,3,18,8,11,0,6500000.0,0
267,Clément Lenglet,Barcelona,DF,0.2,743,820,90.6,14042,4898,2,1,50.0,0.2,1,2,20,11,11,7,2,7,13,21,0,12000000.0,0
268,Marcos Llorente,Atlético Madrid,MF,0.9,1055,1327,79.5,14552,4204,16,2,12.5,0.9,19,30,51,23,25,22,4,33,27,44,0,2100000.0,0
269,Giovani Lo Celso,Villarreal,FW,1.4,434,534,81.3,6809,1842,18,6,33.3,1.4,26,40,22,12,8,10,4,4,5,3,0,4320000.0,0
270,Julen Lobete,Real Sociedad,FW,1.1,44,55,80.0,477,83,10,2,20.0,1.1,3,9,4,3,3,0,1,6,1,1,0,200000.0,0
271,Renan Lodi,Atlético Madrid,DF,0.8,485,625,77.6,7099,1760,10,4,40.0,0.8,17,31,31,18,14,13,4,22,13,19,1,3800000.0,0
272,David López,Espanyol,MF,0.5,354,427,82.9,5762,2012,5,4,80.0,0.5,2,2,18,13,9,8,1,10,10,25,2,4500000.0,0
273,Diego López,Espanyol,GK,0.0,857,1160,73.9,23893,16033,0,0,0,0.0,0,0,0,0,0,0,0,0,1,21,1,2250000.0,0
274,Javi López,Alavés,DF,0.0,155,218,71.1,2862,1050,0,0,0,0.0,2,6,8,6,6,2,0,7,4,15,0,160000.0,0
275,Unai López,Rayo Vallecano,MF,1.2,690,841,82.0,12902,3159,19,7,36.8,1.2,14,27,19,9,6,10,3,7,10,8,1,590000.0,0
276,Mamadou Loum,Alavés,MF,3.1,606,835,72.6,11052,3266,33,8,24.2,3.1,26,42,49,22,26,22,1,30,37,68,1,390000.0,0
277,Anthony Lozano,Cádiz,FW,5.4,175,282,62.1,2419,629,49,20,40.8,5.4,36,59,8,4,2,3,3,16,2,7,0,620000.0,0
278,Florentino Luís,Getafe,MF,0.1,341,436,78.2,5713,1597,3,1,33.3,0.1,7,11,42,25,22,17,3,21,21,11,1,1320000.0,0
279,José Luis Gayà,Valencia,DF,1.6,650,903,72.0,11938,4642,18,9,50.0,1.6,16,29,35,21,24,10,1,17,19,37,0,3500000.0,0
280,José Luis Morales,Levante,FW,15.1,497,774,64.2,8019,2631,76,31,40.8,15.1,64,156,27,17,6,9,12,29,4,7,0,1840000.0,0
281,Andriy Lunin,Real Madrid,GK,0.0,70,80,87.5,1696,1086,0,0,0,0.0,0,0,0,0,0,0,0,0,0,2,0,2530000.0,2.8
282,Darwin Machís,Granada,MF,2.1,273,429,63.6,4813,1460,37,17,45.9,2.1,34,60,23,13,11,8,4,10,15,17,0,1360000.0,0
283,Pablo Maffeo,Mallorca,DF,2.2,888,1328,66.9,14240,5931,29,7,24.1,2.2,49,79,84,47,48,28,8,30,46,74,0,980000.0,0
284,Nemanja Maksimović,Getafe,MF,2.9,661,865,76.4,9680,2170,31,5,16.1,2.9,10,16,56,32,24,26,6,42,71,41,0,2080000.0,0
285,Hugo Mallo,Celta Vigo,DF,1.1,934,1244,75.1,14611,5612,17,2,11.8,1.1,8,16,45,25,24,19,2,23,20,53,0,2590000.0,0
286,Mickael Malsa,Levante,MF,1.0,434,538,80.7,7587,2515,13,2,15.4,1.0,7,8,37,17,16,18,3,20,18,15,0,530000.0,0
287,Giorgi Mamardashvili,Valencia,GK,0.0,281,498,56.4,10131,8320,0,0,0,0.0,0,0,0,0,0,0,0,0,0,6,1,760000.0,14.8
288,Reinildo Mandava,Atlético Madrid,DF,0.4,559,688,81.3,8156,3401,2,0,0.0,0.4,5,7,45,25,30,14,1,18,21,38,0,800000.0,0
289,Aïssa Mandi,Villarreal,DF,1.6,920,990,92.9,18205,5876,10,3,30.0,1.6,0,0,11,5,2,8,1,17,13,49,3,4790000.0,0
290,Maranhão,Valencia,FW,3.7,122,184,66.3,1764,430,30,8,26.7,3.7,14,33,15,11,4,6,5,15,7,13,0,2000000.0,0
291,Nikola Maraš,Rayo Vallecano,DF,0.0,370,457,81.0,7260,2514,1,0,0.0,0.0,1,1,13,9,12,1,0,17,15,51,0,300000.0,0
292,Marcelo,Real Madrid,DF,0.4,385,466,82.6,6104,1530,8,3,37.5,0.4,9,10,8,4,2,3,3,7,1,11,0,21940000.0,0
293,Iván Marcone,Elche,MF,0.2,355,432,82.2,6131,1902,2,0,0.0,0.2,10,12,24,14,17,6,1,8,12,13,0,1780000.0,0
294,Óscar de Marcos,Athletic Club,DF,0.3,867,1145,75.7,13320,5191,3,3,100.0,0.3,4,13,50,37,24,19,7,20,19,27,0,1850000.0,0
295,José Mari,Cádiz,MF,0.4,160,193,82.9,3246,842,4,1,25.0,0.4,1,1,14,7,3,10,1,4,7,2,0,410000.0,0
296,José María Giménez,Atlético Madrid,DF,2.0,820,929,88.3,16202,5701,20,7,35.0,2.0,8,12,18,12,12,6,0,25,25,96,1,4000000.0,0
297,Mariano,Real Madrid,FW,2.3,42,61,68.9,602,163,14,3,21.4,2.3,6,10,2,0,2,0,0,2,1,3,0,7500000.0,0
298,Roger Martí,Levante,FW,9.0,313,462,67.7,4374,1057,46,17,37.0,9.0,14,28,23,14,3,13,7,14,2,8,0,1170000.0,0
299,Anthony Martial,Sevilla,FW,0.6,129,158,81.6,1757,260,7,3,42.9,0.6,7,16,2,1,0,0,2,4,0,3,0,6000000.0,0
300,Martín,Cádiz,MF,0.1,34,48,70.8,645,246,2,0,0.0,0.1,1,1,2,2,0,2,0,1,1,3,0,160000.0,0
301,Andrés Martín,Rayo Vallecano,FW,0.7,21,35,60.0,304,80,5,1,20.0,0.7,1,3,0,0,0,0,0,1,0,0,0,160000.0,0
302,Iván Martín,Alavés,MF,0.1,51,65,78.5,722,209,1,0,0.0,0.1,0,2,1,1,1,0,0,2,1,1,0,1040000.0,0
303,Iñigo Martínez,Athletic Club,DF,2.2,952,1213,78.5,20506,8335,27,8,29.6,2.2,2,2,28,13,18,7,3,22,39,143,0,5000000.0,0
304,Javi Martínez,Osasuna,MF,0.7,291,398,73.1,4346,1097,9,2,22.2,0.7,11,16,21,14,8,11,2,6,9,10,0,160000.0,0
305,Pablo Martínez,Levante,MF,0.7,177,258,68.6,2890,961,11,1,9.1,0.7,7,16,15,8,7,8,0,6,15,5,0,500000.0,0
306,Omar Mascarell,Elche,MF,0.6,1051,1234,85.2,19127,5066,12,1,8.3,0.6,12,16,46,26,16,23,7,42,48,52,2,820000.0,0
307,Jaime Mata,Getafe,FW,1.2,135,207,65.2,1741,366,10,3,30.0,1.2,4,9,7,5,3,1,3,4,1,5,0,2140000.0,0
308,Luís Maximiano,Granada,GK,0.0,641,1177,54.5,22171,18038,0,0,0,0.0,2,2,3,1,3,0,0,0,1,16,2,740000.0,0
309,Borja Mayoral,Getafe,FW,2.9,189,260,72.7,2604,544,16,6,37.5,2.9,14,29,7,5,2,3,2,10,4,3,0,4790000.0,0
310,Jordi Mboula,Mallorca,FW,0.7,52,90,57.8,643,146,5,0,0.0,0.7,7,15,8,2,3,3,2,7,3,3,0,380000.0,0
311,Óscar Melendo,Espanyol,MF,0.5,392,436,89.9,5899,1600,8,0,0.0,0.5,15,18,11,5,4,4,3,4,1,10,0,650000.0,0
312,Gonzalo Melero,Levante,MF,4.2,657,778,84.4,9911,2323,20,9,45.0,4.2,12,26,29,16,10,15,4,21,7,22,0,540000.0,0
313,Memphis,Barcelona,FW,11.5,705,945,74.6,9485,2460,56,29,51.8,11.5,45,74,10,4,2,4,4,9,3,4,0,10420000.0,0
314,Brais Méndez,Celta Vigo,MF,5.2,1195,1528,78.2,18075,4927,56,16,28.6,5.2,34,70,68,35,24,35,9,52,37,30,0,1350000.0,0
315,Édgar Méndez,Alavés,FW,1.9,257,444,57.9,4312,1233,25,8,32.0,1.9,14,26,25,14,11,10,4,16,4,17,0,500000.0,0
316,Ferland Mendy,Real Madrid,DF,1.1,1226,1351,90.7,16815,4718,12,5,41.7,1.1,35,52,24,14,11,10,3,8,18,27,3,9380000.0,0
317,Fran Mérida,Espanyol,MF,0.2,119,177,67.2,2207,796,4,0,0.0,0.2,9,11,7,3,5,2,0,1,6,1,0,790000.0,0
318,Mikel Merino,Real Sociedad,MF,4.5,1351,1768,76.4,21676,7560,45,15,33.3,4.5,28,47,71,38,21,40,10,50,21,56,2,3910000.0,0
319,Martín Merquelanz,Rayo Vallecano,FW,0.2,48,69,69.6,834,301,2,0,0.0,0.2,3,10,2,1,2,0,0,2,0,1,0,500000.0,0
320,Matt Miazga,Alavés,DF,0.5,244,321,76.0,5215,2078,7,3,42.9,0.5,0,0,7,7,3,4,0,14,11,55,1,910000.0,0
321,Éder Militão,Real Madrid,DF,3.0,1801,2037,88.4,34764,12063,33,8,24.2,3.0,11,20,50,32,30,12,8,42,52,107,3,9380000.0,0
322,Luis Milla,Granada,MF,3.9,1150,1464,78.6,20993,7353,19,3,15.8,3.9,28,38,59,29,25,30,4,28,25,34,0,1070000.0,0
323,Pere Milla,Elche,MF,4.6,367,515,71.3,5192,1300,29,14,48.3,4.6,16,33,20,15,14,5,1,21,5,21,0,340000.0,0
324,Santi Mina,Celta Vigo,FW,8.4,432,662,65.3,5909,1027,59,21,35.6,8.4,12,21,27,17,8,15,4,28,6,22,0,1710000.0,0
325,Óscar Mingueza,Barcelona,DF,0.3,652,754,86.5,10563,3034,2,1,50.0,0.3,6,7,25,11,12,11,2,5,9,22,1,220000.0,0
326,Rafa Mir,Sevilla,FW,8.7,234,353,66.3,3392,400,62,22,35.5,8.7,12,23,4,3,1,1,2,4,0,17,0,1260000.0,0
327,Jorge Miramón,Levante,DF,0.5,793,1046,75.8,13299,5439,7,2,28.6,0.5,21,31,36,19,16,12,8,15,35,58,0,320000.0,0
328,Juan Miranda,Betis,DF,0.2,385,514,74.9,6302,2499,6,2,33.3,0.2,4,9,21,11,16,4,1,10,15,22,0,360000.0,0
329,Stefan Mitrović,Getafe,DF,0.2,710,905,78.5,15304,5712,4,1,25.0,0.2,2,2,16,8,12,4,0,28,22,114,1,250000.0,0
330,Luka Modrić,Real Madrid,MF,2.5,1500,1706,87.9,25207,7617,26,10,38.5,2.5,32,48,18,10,8,7,3,10,20,9,0,19690000.0,0
331,Johan Mojica,Elche,DF,0.9,1400,1863,75.1,23024,10026,16,3,18.8,0.9,31,72,46,25,34,7,5,22,25,61,3,600000.0,0
332,Jorge Molina,Granada,FW,7.0,331,522,63.4,4457,1164,45,22,48.9,7.0,7,17,4,2,2,1,1,13,6,11,0,1540000.0,0
333,Jon Moncayola,Osasuna,MF,2.6,1104,1411,78.2,20806,5889,41,12,29.3,2.6,13,19,40,20,18,18,4,26,20,43,0,500000.0,0
334,Monchu,Granada,MF,0.5,271,340,79.7,4558,1125,8,1,12.5,0.5,6,10,15,6,5,9,1,8,4,4,0,300000.0,0
335,Gonzalo Montiel,Sevilla,DF,0.4,524,684,76.6,8418,2766,5,1,20.0,0.4,3,8,15,4,8,5,2,8,10,22,0,1410000.0,0
336,Ángel Montoro,Granada,MF,2.3,493,664,74.2,9798,3446,21,5,23.8,2.3,0,3,26,13,16,7,3,11,11,29,1,700000.0,0
337,Martín Montoya,Betis,DF,0.4,251,317,79.2,3846,1321,5,2,40.0,0.4,0,1,20,12,11,7,2,6,11,20,0,1990000.0,0
338,Jon Morcillo,Athletic Club,MF,0.3,20,33,60.6,240,94,1,0,0.0,0.3,0,1,3,0,1,2,0,1,0,0,0,2140000.0,0
339,Alberto Moreno,Villarreal,MF,3.3,493,617,79.9,7664,1984,22,10,45.5,3.3,10,17,13,7,5,7,1,13,27,15,0,3330000.0,0
340,Álex Moreno,Betis,DF,3.5,1016,1389,73.1,15298,6008,27,8,29.6,3.5,23,61,76,40,53,15,8,28,34,82,1,680000.0,0
341,Gerard Moreno,Villarreal,FW,7.9,309,453,68.2,5485,1544,36,13,36.1,7.9,39,61,5,2,2,2,1,6,6,14,0,7500000.0,0
342,Tete Morente,Elche,MF,3.9,393,579,67.9,5762,1644,28,8,28.6,3.9,30,63,21,14,13,7,1,30,12,12,0,290000.0,0
343,Ilaix Moriba,Valencia,MF,1.0,216,285,75.8,3312,923,14,5,35.7,1.0,7,14,26,18,10,13,3,15,12,14,0,1620000.0,0
344,Manu Morlanes,Espanyol,MF,0.8,561,657,85.4,9098,3026,8,2,25.0,0.8,13,15,36,15,16,17,3,24,13,17,0,1310000.0,0
345,Loren Morón,Espanyol,FW,0.7,51,92,55.4,689,128,10,2,20.0,0.7,4,7,6,4,1,3,2,11,2,9,0,810000.0,0
346,Toni Moya,Alavés,MF,1.3,408,594,68.7,7741,2391,12,2,16.7,1.3,20,25,23,10,7,13,3,18,20,18,0,390000.0,0
347,Iker Muniain,Athletic Club,MF,6.9,1235,1580,78.2,19168,7095,38,17,44.7,6.9,65,104,32,10,8,19,5,20,17,8,1,4400000.0,0
348,Aihen Muñoz,Real Sociedad,DF,0.2,577,772,74.7,9469,3960,7,0,0.0,0.2,14,28,28,17,14,13,1,11,17,34,0,990000.0,0
349,Jeison Murillo,Celta Vigo,DF,0.6,621,699,88.8,12920,4108,6,1,16.7,0.6,3,3,15,10,13,2,0,11,17,37,0,2290000.0,0
350,Vedat Muriqi,Mallorca,FW,6.0,245,458,53.5,3142,764,49,16,32.7,6.0,9,22,6,3,1,3,2,12,6,29,0,4580000.0,0
351,Yunus Musah,Valencia,MF,0.7,277,384,72.1,4619,1161,7,2,28.6,0.7,36,64,23,13,8,8,7,19,14,11,0,1500000.0,0
352,Shkodran Mustafi,Levante,DF,0.2,287,368,78.0,6770,2506,4,2,50.0,0.2,2,4,9,6,6,3,0,6,15,40,0,1200000.0,0
353,Nacho,Real Madrid,DF,1.6,962,1047,91.9,16192,5660,10,3,30.0,1.6,2,4,18,14,9,9,0,22,34,50,0,7690000.0,0
354,Roberto Navarro,Real Sociedad,MF,0.6,76,93,81.7,1109,233,7,3,42.9,0.6,7,9,5,3,1,1,3,2,2,2,0,420000.0,0
355,Ximo Navarro,Alavés,DF,0.7,414,587,70.5,7311,2845,10,3,30.0,0.7,5,12,28,19,21,6,1,11,22,56,2,360000.0,0
356,Jesús Navas,Sevilla,DF,0.5,1095,1413,77.5,19200,6116,10,1,10.0,0.5,6,15,18,13,11,5,2,15,17,26,1,4000000.0,0
357,Álvaro Negredo,Cádiz,FW,8.5,321,542,59.2,5477,1244,64,25,39.1,8.5,21,34,5,3,1,4,0,11,2,23,0,1290000.0,0
358,Neto,Barcelona,GK,0.0,106,130,81.5,2859,1968,0,0,0,0.0,0,0,0,0,0,0,0,0,0,2,1,6000000.0,0
359,Carlos Neva,Granada,DF,0.8,676,955,70.8,10825,4259,6,1,16.7,0.8,9,16,31,19,24,7,0,27,32,81,0,380000.0,0
360,Fernando Niño,Mallorca,FW,3.9,145,216,67.1,1752,242,23,13,56.5,3.9,9,16,10,4,3,2,5,9,3,15,0,220000.0,0
361,Peru Nolaskoain,Athletic Club,DF,0.0,2,2,100.0,20,0,0,0,0,0.0,0,0,0,0,0,0,0,0,0,0,0,440000.0,0
362,Nolito,Celta Vigo,MF,3.1,418,552,75.7,6906,2004,20,9,45.0,3.1,13,22,25,15,14,7,4,20,9,5,0,4580000.0,0
363,Randy Ntekja,Rayo Vallecano,FW,3.7,271,413,65.6,3523,773,29,8,27.6,3.7,16,30,24,13,9,11,4,21,8,12,0,230000.0,0
364,Unai Núñez,Athletic Club,DF,0.8,292,339,86.1,5887,2291,6,1,16.7,0.8,3,4,4,4,2,2,0,9,8,26,2,2240000.0,0
365,Allan Nyom,Getafe,DF,0.0,61,89,68.5,1026,403,0,0,0,0.0,0,1,3,1,2,1,0,2,2,7,0,620000.0,0
366,Jan Oblak,Atlético Madrid,GK,0.0,640,1094,58.5,19827,14833,1,0,0.0,0.0,2,2,0,0,0,0,0,0,1,10,4,20800000.0,12.0
367,Lucas Ocampos,Sevilla,FW,6.4,656,864,75.9,10650,2399,51,16,31.4,6.4,37,95,45,24,23,18,4,35,9,24,1,1600000.0,0
368,Lucas Olaza,Elche,DF,0.8,162,211,76.8,2338,909,4,1,25.0,0.8,2,2,5,3,3,1,1,5,4,6,0,1000000.0,0
369,Oier Olazábal,Espanyol,GK,0.0,24,43,55.8,815,698,0,0,0,0.0,0,0,0,0,0,0,0,0,0,0,0,990000.0,0
370,Brian Oliván,Mallorca,DF,2.0,654,1025,63.8,11350,5327,19,7,36.8,2.0,7,10,33,20,22,9,2,17,28,63,0,440000.0,0
371,Mathías Olivera,Getafe,DF,2.3,1017,1430,71.1,15364,6083,24,7,29.2,2.3,27,54,79,47,39,34,6,45,55,67,1,620000.0,0
372,Javier Ontiveros,Osasuna,FW,0.1,24,32,75.0,288,81,2,1,50.0,0.1,1,1,0,0,0,0,0,0,1,0,1,1110000.0,0
373,Milutin Osmajić,Cádiz,FW,0.5,25,48,52.1,265,44,4,0,0.0,0.5,2,5,1,1,0,1,0,0,1,3,0,180000.0,0
374,Mikel Oyarzabal,Real Sociedad,FW,9.8,416,637,65.3,6526,1670,37,12,32.4,9.8,22,43,18,10,7,7,4,18,10,16,1,3530000.0,0
375,Fernando Pacheco,Alavés,GK,0.0,649,1032,62.9,25444,21746,0,0,0,0.0,0,0,2,1,2,0,0,0,0,18,1,1470000.0,0
376,Jon Pacheco,Real Sociedad,DF,0.0,193,230,83.9,3445,1182,0,0,0,0.0,0,0,6,4,4,2,0,6,6,18,0,430000.0,0
377,Helibelton Palacios,Elche,DF,0.1,715,944,75.7,11269,4857,1,0,0.0,0.1,27,35,69,38,56,10,3,21,18,61,0,155000.0,0
378,Isaac Palazón Camacho,Rayo Vallecano,FW,3.7,623,895,69.6,10490,2954,58,12,20.7,3.7,36,81,42,28,20,19,3,31,13,22,0,170000.0,0
379,Daniel Parejo,Villarreal,MF,1.7,1799,2149,83.7,33554,11553,15,5,33.3,1.7,25,33,43,29,15,15,13,32,29,19,1,10830000.0,0
380,Javier Pastore,Elche,MF,0.5,216,283,76.3,3541,1062,8,2,25.0,0.5,8,14,7,3,3,2,2,5,4,2,0,1500000.0,0
381,Gabriel Paulista,Valencia,DF,1.0,495,639,77.5,10957,4271,6,3,50.0,1.0,1,2,21,12,16,5,0,18,39,88,0,5330000.0,0
382,Alfonso Pedraza,Villarreal,DF,2.0,723,1012,71.4,10970,3735,22,8,36.4,2.0,31,61,34,16,17,12,5,12,31,32,0,3960000.0,0
383,Pedri,Barcelona,MF,1.4,513,606,84.7,8778,2142,12,5,41.7,1.4,15,19,20,12,9,8,3,13,5,7,1,9380000.0,0
384,Pedrosa,Espanyol,DF,1.6,935,1265,73.9,14550,5521,25,7,28.0,1.6,48,82,58,30,38,14,6,25,25,92,2,960000.0,0
385,Facundo Pellistri,Alavés,MF,0.9,105,148,70.9,1224,312,7,2,28.6,0.9,11,26,9,5,4,3,2,13,6,7,0,1110000.0,0
386,Rubén Peña,Villarreal,MF,0.2,38,52,73.1,563,252,3,2,66.7,0.2,2,5,2,0,1,1,0,1,5,2,0,1160000.0,0
387,Alberto Perea,Cádiz,MF,1.5,272,372,73.1,4247,1393,17,3,17.6,1.5,29,53,19,9,7,9,3,15,9,4,0,290000.0,0
388,Iñigo Pérez,Osasuna,MF,0.2,96,153,62.7,1672,593,4,1,25.0,0.2,0,3,3,2,2,1,0,1,0,3,0,310000.0,0
389,Juan Pérez,Osasuna,GK,0.0,20,41,48.8,750,629,0,0,0,0.0,0,0,0,0,0,0,0,0,0,1,1,650000.0,0
390,Kike Pérez,Elche,MF,1.0,181,248,73.0,2800,778,10,5,50.0,1.0,9,14,8,6,1,3,4,6,3,4,0,420000.0,0
391,Lucas Pérez,Elche,FW,1.9,274,383,71.5,4143,1069,14,5,35.7,1.9,5,12,4,1,2,1,1,2,3,4,0,830000.0,0
392,Njegoš Petrović,Granada,MF,0.9,266,338,78.7,4051,1239,8,2,25.0,0.9,10,16,24,11,4,19,1,16,9,11,0,240000.0,0
393,Alex Petxa,Athletic Club,DF,0.2,193,267,72.3,3097,1159,2,1,50.0,0.2,3,9,12,9,4,7,1,8,4,6,0,320000.0,0
394,Germán Pezzella,Betis,DF,1.6,898,1032,87.0,16554,5563,19,6,31.6,1.6,3,3,21,9,16,5,0,29,39,106,0,4170000.0,0
395,Pablo Piatti,Elche,MF,0.2,75,101,74.3,1003,187,4,2,50.0,0.2,2,5,9,4,5,3,1,5,2,3,0,330000.0,0
396,Cristiano Piccini,Valencia,DF,0.3,95,141,67.4,2044,1073,3,1,33.3,0.3,9,10,14,8,9,5,0,3,1,11,0,1670000.0,0
397,Tomás Pina Isla,Alavés,MF,0.4,455,586,77.6,6879,2005,5,1,20.0,0.4,4,7,28,16,13,11,4,12,22,23,0,1430000.0,0
398,Orbelín Pineda,Celta Vigo,MF,0.7,57,66,86.4,866,309,5,1,20.0,0.7,1,2,4,1,4,0,0,0,0,1,0,840000.0,0
399,Yeremi Pino,Villarreal,MF,6.4,409,530,77.2,5481,1236,27,15,55.6,6.4,25,56,32,14,14,8,10,33,6,12,1,3000000.0,0
400,Gerard Piqué,Barcelona,DF,2.1,1514,1688,89.7,30235,9975,19,2,10.5,2.1,6,6,22,12,18,4,0,19,34,86,1,10420000.0,0
401,Ezequiel Ponce,Elche,FW,2.4,123,164,75.0,1532,220,15,5,33.3,2.4,14,25,5,4,1,3,1,5,1,7,0,1500000.0,0
402,Pere Pons,Alavés,MF,1.7,267,374,71.4,3994,984,15,4,26.7,1.7,4,8,26,18,4,20,2,10,6,11,0,1050000.0,0
403,Portu,Real Sociedad,FW,3.2,353,486,72.6,4582,1293,24,9,37.5,3.2,9,18,16,7,2,6,8,21,7,8,0,2110000.0,0
404,Sergio Postigo,Levante,DF,0.1,304,364,83.5,5624,2444,2,0,0.0,0.1,0,1,11,7,8,2,1,7,7,45,1,440000.0,0
405,Darío Poveda,Getafe,FW,0.3,48,86,55.8,678,141,4,4,100.0,0.3,7,13,2,0,1,0,1,7,1,1,0,240000.0,0
406,José Pozo,Rayo Vallecano,MF,0.2,46,53,86.8,707,286,3,0,0.0,0.2,0,2,2,2,0,2,0,1,0,1,0,280000.0,0
407,Abdón Prats,Mallorca,FW,2.1,104,156,66.7,1283,294,18,6,33.3,2.1,7,11,2,2,1,0,1,5,1,6,0,230000.0,0
408,Javi Puado,Espanyol,MF,5.1,520,638,81.5,7019,1224,40,12,30.0,5.1,30,55,24,14,18,5,1,18,11,24,0,500000.0,0
409,Antonio Puertas,Granada,MF,4.2,482,690,69.9,7080,1803,33,14,42.4,4.2,31,56,34,20,18,12,4,33,11,36,0,640000.0,0
410,Riqui Puig,Barcelona,MF,0.9,418,453,92.3,6140,1047,9,3,33.3,0.9,5,8,6,3,2,4,0,5,3,0,0,4000000.0,0
411,Yacine Qasmi,Rayo Vallecano,FW,0.0,1,2,50.0,16,0,0,0,0,0.0,0,0,0,0,0,0,0,0,0,0,0,155000.0,0
412,Quini,Granada,DF,0.8,663,972,68.2,10870,4507,17,2,11.8,0.8,17,33,73,34,48,21,4,28,36,62,0,370000.0,0
413,Dani Raba,Villarreal,MF,0.0,29,48,60.4,531,122,0,0,0,0.0,1,3,1,0,0,1,0,2,0,2,0,500000.0,0
414,Uroš Račić,Valencia,MF,1.2,370,506,73.1,7371,1885,16,1,6.3,1.2,14,18,32,18,9,19,4,16,16,21,0,880000.0,0
415,Nemanja Radoja,Levante,MF,0.3,384,460,83.5,6037,1564,5,1,20.0,0.3,11,16,25,8,9,13,3,16,22,16,2,680000.0,0
416,Rafinha,Real Sociedad,MF,2.6,582,677,86.0,8313,2063,14,2,14.3,2.6,18,36,43,27,17,20,6,21,12,4,0,3250000.0,0
417,Antonio Raillo,Mallorca,DF,0.9,532,624,85.3,10123,3924,9,4,44.4,0.9,0,1,16,7,10,4,2,17,18,81,0,780000.0,0
418,Ivan Rakitić,Sevilla,MF,3.6,1380,1660,83.1,25864,6846,29,10,34.5,3.6,8,21,40,22,12,23,5,31,23,35,0,13200000.0,0
419,Jonás Ramalho,Osasuna,DF,0.1,97,134,72.4,1567,629,2,0,0.0,0.1,0,2,4,2,2,2,0,4,3,9,0,680000.0,0
420,Sandro Ramírez,Getafe,FW,3.9,280,389,72.0,4155,671,50,13,26.0,3.9,13,44,7,3,1,3,3,14,2,3,0,750000.0,0
421,Manolo Reina,Mallorca,GK,0.0,412,646,63.8,13217,10583,0,0,0,0.0,0,0,0,0,0,0,0,0,1,6,2,160000.0,0
422,Karim Rekik,Sevilla,DF,0.4,693,777,89.2,11834,3731,4,0,0.0,0.4,5,8,11,8,4,6,1,11,9,19,0,1310000.0,0
423,Álex Remiro,Real Sociedad,GK,0.0,949,1259,75.4,26663,19227,0,0,0,0.0,0,0,0,0,0,0,0,0,1,24,2,2230000.0,13.6
424,Nico Ribaudo,Espanyol,MF,1.2,368,432,85.2,5606,1250,20,4,20.0,1.2,23,39,15,6,9,5,1,14,7,3,0,460000.0,0
425,Diego Rico,Real Sociedad,DF,0.5,849,1133,74.9,13860,6318,10,1,10.0,0.5,12,29,41,20,19,17,5,29,30,54,0,850000.0,0
426,Sergio Rico,Mallorca,GK,0.0,245,360,68.1,8430,7125,0,0,0,0.0,0,0,0,0,0,0,0,0,0,5,2,2050000.0,0
427,Luis Rioja,Alavés,MF,3.8,560,932,60.1,8631,2524,44,16,36.4,3.8,70,130,28,15,11,10,7,22,25,20,0,820000.0,0
428,Rober,Levante,DF,1.4,832,1048,79.4,15261,6840,8,1,12.5,1.4,5,6,36,20,27,7,2,25,30,90,1,300000.0,0
429,Sergi Roberto,Barcelona,MF,1.5,230,257,89.5,3128,673,4,3,75.0,1.5,3,3,5,1,2,3,0,2,4,6,0,3600000.0,0
430,Rubén Rochina,Granada,MF,0.7,259,383,67.6,5065,1438,15,5,33.3,0.7,14,19,21,13,7,8,6,11,6,5,1,1930000.0,0
431,Enzo Roco,Elche,DF,1.2,949,1158,82.0,20066,7944,11,3,27.3,1.2,5,10,36,20,24,11,1,38,28,110,3,155000.0,0
432,Rodrigo,Betis,FW,1.4,337,415,81.2,5412,1596,15,7,46.7,1.4,16,26,10,7,4,5,1,11,3,4,0,400000.0,0
433,Kévin Rodrigues,Rayo Vallecano,DF,0.1,162,229,70.7,2424,1025,4,0,0.0,0.1,2,4,15,11,8,7,0,10,7,6,0,340000.0,0
434,Ángel Rodríguez,Mallorca,FW,4.6,187,263,71.1,2426,544,29,11,37.9,4.6,13,23,15,9,6,7,2,15,3,13,0,340000.0,0
435,Óscar Rodríguez Arnaiz,Getafe,MF,1.3,316,429,73.7,5771,1668,26,8,30.8,1.3,10,19,16,11,6,8,2,7,11,6,0,1150000.0,0
436,Dani Rodríguez,Mallorca,MF,3.4,716,951,75.3,10319,3155,42,10,23.8,3.4,60,100,53,31,20,24,9,28,20,27,0,440000.0,0
437,Guido Rodríguez,Betis,MF,1.2,1245,1458,85.4,21543,7291,21,8,38.1,1.2,18,27,97,53,46,45,6,55,31,56,0,2680000.0,0
438,Rodrygo,Real Madrid,FW,3.5,555,682,81.4,6480,1383,34,15,44.1,3.5,27,58,18,14,7,4,7,21,11,3,0,7500000.0,0
439,Leonardo Román,Mallorca,GK,0.0,47,67,70.1,1236,801,0,0,0,0.0,1,1,0,0,0,0,0,0,0,2,0,155000.0,0
440,Iván Romero,Sevilla,FW,0.6,28,34,82.4,426,53,2,1,50.0,0.6,3,9,2,2,0,2,0,1,2,0,0,310000.0,0
441,Aitor Ruibal,Betis,FW,1.4,258,341,75.7,3647,1225,20,3,15.0,1.4,13,26,21,15,13,3,5,8,8,6,0,440000.0,0
442,Isma Ruiz,Granada,MF,0.2,103,124,83.1,1823,302,4,1,25.0,0.2,2,2,3,1,3,0,0,5,3,2,0,80000.0,0
443,Víctor Ruiz,Betis,DF,1.0,778,896,86.8,15244,6426,7,1,14.3,1.0,1,2,11,9,7,2,2,18,29,71,1,930000.0,0
444,Gerónimo Rulli,Villarreal,GK,0.0,1051,1288,81.6,26907,16506,0,0,0,0.0,1,1,0,0,0,0,0,0,1,15,5,5420000.0,12.5
445,Franco Russo,Mallorca,DF,0.4,491,644,76.2,10027,4613,6,2,33.3,0.4,5,6,19,10,10,9,0,14,27,73,1,650000.0,0
446,Mathew Ryan,Real Sociedad,GK,0.0,67,107,62.6,1976,1435,0,0,0,0.0,0,0,0,0,0,0,0,0,0,2,0,500000.0,0
447,Youssouf Sabaly,Betis,DF,0.2,414,497,83.3,5854,1907,4,1,25.0,0.2,6,13,12,10,11,0,1,11,13,16,1,750000.0,0
448,Salvi,Cádiz,MF,2.9,212,360,58.9,2930,1025,19,7,36.8,2.9,9,16,20,10,9,8,3,17,6,11,0,310000.0,0
449,Fede San Emeterio,Cádiz,MF,0.0,281,348,80.7,4533,1338,0,0,0,0.0,0,2,16,5,5,8,3,5,8,6,0,550000.0,0
450,Oihan Sancet,Athletic Club,FW,3.3,347,450,77.1,4774,1054,30,14,46.7,3.3,23,37,12,7,2,8,2,2,5,13,0,1400000.0,0
451,Antonio Sánchez,Mallorca,MF,1.9,519,670,77.5,8268,2444,18,4,22.2,1.9,18,34,53,24,29,17,7,32,32,32,1,390000.0,0
452,Germán Sánchez,Granada,DF,2.0,781,1049,74.5,15625,6427,13,4,30.8,2.0,0,2,27,19,18,9,0,19,28,137,0,640000.0,0
453,Manuel Sánchez,Osasuna,DF,0.5,868,1164,74.6,13128,5782,6,2,33.3,0.5,24,45,72,34,41,22,9,28,18,43,0,440000.0,0
454,Oier Sanjurjo,Osasuna,MF,0.8,228,324,70.4,3845,1235,9,1,11.1,0.8,2,3,10,6,3,7,0,8,1,9,0,340000.0,0
455,Joan Sastre Vanrell,Mallorca,DF,0.1,74,106,69.8,1391,650,2,0,0.0,0.1,3,5,6,3,5,0,1,3,2,10,0,560000.0,0
456,Esteban Saveljich,Rayo Vallecano,DF,0.9,498,605,82.3,9979,3016,9,3,33.3,0.9,0,1,18,11,11,7,0,20,16,69,0,620000.0,0
457,Stefan Savić,Atlético Madrid,DF,2.3,1139,1388,82.1,22371,7360,15,5,33.3,2.3,8,9,46,20,25,20,1,19,37,102,1,4500000.0,0
458,Aleksandar Sedlar,Mallorca,DF,0.0,143,176,81.3,2630,1002,0,0,0,0.0,0,0,5,3,4,1,0,4,5,19,0,480000.0,0
459,Nicolás Serrano,Athletic Club,MF,0.7,86,129,66.7,1220,300,9,4,44.4,0.7,4,7,9,6,3,5,1,5,2,3,0,310000.0,0
460,Salva Sevilla,Mallorca,MF,4.9,813,1008,80.7,14082,5291,22,4,18.2,4.9,5,7,18,12,8,8,2,12,14,11,0,530000.0,0
461,David Silva,Real Sociedad,MF,3.4,912,1054,86.5,13951,3364,21,6,28.6,3.4,29,44,28,17,10,11,7,13,7,12,0,2900000.0,0
462,Jonathan Silva,Getafe,DF,0.0,62,94,66.0,1022,475,1,1,100.0,0.0,1,1,10,8,4,4,2,4,3,7,0,200000.0,0
463,Rui Silva,Betis,GK,0.0,524,735,71.3,14281,9815,0,0,0,0.0,0,0,1,0,1,0,0,0,1,11,1,155000.0,14.3
464,Unai Simón,Athletic Club,GK,0.0,682,937,72.8,19101,14006,0,0,0,0.0,0,0,0,0,0,0,0,0,1,5,1,4350000.0,10.5
465,Antonio Sivera,Alavés,GK,0.0,66,107,61.7,2498,2088,0,0,0,0.0,0,0,0,0,0,0,0,0,0,0,0,200000.0,0
466,Rubén Sobrino,Cádiz,FW,6.4,356,498,71.5,4859,1258,33,10,30.3,6.4,33,56,28,17,11,10,7,21,21,18,0,700000.0,0
467,Augusto Solari,Celta Vigo,MF,0.5,286,446,64.1,4067,940,7,1,14.3,0.5,9,20,24,12,9,12,3,14,7,10,1,1350000.0,0
468,Roberto Soldado,Levante,FW,3.8,98,147,66.7,1307,261,17,8,47.1,3.8,3,7,3,1,0,1,2,4,1,7,0,710000.0,0
469,Carlos Soler,Valencia,MF,8.2,659,982,67.1,11941,4070,34,14,41.2,8.2,19,38,29,19,10,15,4,19,14,28,0,2100000.0,0
470,Son,Levante,DF,1.3,789,1073,73.5,13969,4767,14,7,50.0,1.3,19,39,28,18,16,7,5,11,19,33,1,360000.0,0
471,David Soria,Getafe,GK,0.0,647,1185,54.6,27131,23501,0,0,0,0.0,0,0,1,0,1,0,0,0,0,22,2,1510000.0,18.0
472,Alberto Soro,Granada,MF,0.8,125,179,69.8,1715,591,7,4,57.1,0.8,6,11,12,10,3,6,3,21,3,4,0,580000.0,0
473,Damián Suárez,Getafe,DF,0.6,997,1475,67.6,18712,8974,14,4,28.6,0.6,15,42,74,47,34,30,10,46,31,30,0,620000.0,0
474,Denis Suárez,Celta Vigo,MF,1.9,1639,2054,79.8,26020,7452,22,8,36.4,1.9,42,82,61,29,20,33,8,32,16,11,0,4680000.0,0
475,Luis Suárez,Atlético Madrid,FW,9.7,363,502,72.3,5049,895,51,23,45.1,9.7,6,23,8,5,2,4,2,8,1,14,0,15620000.0,0
476,Mario Suárez,Rayo Vallecano,DF,1.2,257,331,77.6,5310,2173,9,3,33.3,1.2,4,6,9,4,7,2,0,6,7,37,1,570000.0,0
477,Suso,Sevilla,FW,0.4,140,184,76.1,2081,460,6,2,33.3,0.4,7,12,4,3,1,3,0,4,0,0,0,6300000.0,0
478,Mamadou Sylla,Alavés,FW,0.6,41,74,55.4,662,71,2,0,0.0,0.6,3,7,2,2,0,1,1,0,1,5,0,500000.0,0
479,Alexander Sørloth,Real Sociedad,FW,6.9,331,459,72.1,4429,686,35,12,34.3,6.9,38,66,20,7,4,10,6,14,4,15,0,1800000.0,0
480,Tachi,Alavés,DF,0.0,59,94,62.8,1548,780,0,0,0,0.0,0,0,6,3,3,3,0,4,1,9,0,155000.0,0
481,Renato Tapia,Celta Vigo,MF,0.7,683,862,79.2,13136,3803,12,3,25.0,0.7,6,15,50,31,15,31,4,21,28,43,0,260000.0,0
482,Cristian Tello,Betis,FW,2.3,273,362,75.4,4097,903,29,9,31.0,2.3,10,27,17,11,6,7,4,9,10,6,0,1040000.0,0
483,Nahuel Tenaglia,Alavés,DF,0.4,305,485,62.9,5242,2711,6,1,16.7,0.4,7,11,42,27,30,9,3,10,26,42,0,310000.0,0
484,Marc-André ter Stegen,Barcelona,GK,0.0,1113,1281,86.9,27465,18908,0,0,0,0.0,2,2,0,0,0,0,0,0,1,13,5,9000000.0,8.0
485,David Timor,Getafe,MF,0.2,143,182,78.6,2838,941,8,0,0.0,0.2,1,2,1,1,1,0,0,3,1,4,1,660000.0,0
486,Raúl de Tomás,Espanyol,FW,15.5,611,749,81.6,10477,1766,101,40,39.6,15.5,50,72,15,11,6,7,2,12,6,42,1,2690000.0,0
487,Raúl Torrente,Granada,DF,0.2,435,605,71.9,8781,3312,4,0,0.0,0.2,1,1,31,21,18,11,2,14,12,69,0,290000.0,0
488,Ferrán Torres,Barcelona,FW,7.2,489,587,83.3,6854,1284,51,18,35.3,7.2,13,37,10,5,3,4,3,12,6,7,0,6250000.0,0
489,Óliver Torres,Sevilla,MF,1.0,523,656,79.7,9467,2636,14,5,35.7,1.0,15,26,22,12,8,7,7,10,6,4,0,7450000.0,0
490,Pau Torres,Villarreal,DF,3.9,1700,1991,85.4,34245,11934,24,9,37.5,3.9,25,28,32,19,23,7,2,32,19,105,2,7500000.0,0
491,Roberto Torres,Osasuna,MF,2.2,268,437,61.3,5208,1784,13,3,23.1,2.2,5,12,7,4,3,1,3,8,8,4,0,710000.0,0
492,Lucas Torró,Osasuna,MF,2.0,989,1281,77.2,15897,5119,34,9,26.5,2.0,22,25,71,40,25,38,8,32,47,55,0,450000.0,0
493,Adama Traoré,Barcelona,FW,0.9,121,169,71.6,1760,406,9,3,33.3,0.9,24,35,4,2,0,3,1,2,4,3,1,2690000.0,0
494,Óscar Trejo,Rayo Vallecano,MF,3.8,795,1049,75.8,12207,3897,20,6,30.0,3.8,82,127,42,24,14,18,10,26,13,11,0,350000.0,0
495,Manu Trigueros,Villarreal,MF,6.2,965,1224,78.8,15500,4948,41,18,43.9,6.2,8,15,45,25,16,18,11,19,13,17,0,2500000.0,0
496,Kieran Trippier,Atlético Madrid,DF,0.2,607,780,77.8,10394,4042,2,0,0.0,0.2,7,12,22,12,12,5,5,12,10,11,0,2000000.0,0
497,Beñat Turrientes,Real Sociedad,MF,0.6,81,93,87.1,1371,306,7,2,28.6,0.6,7,11,0,0,0,0,0,1,2,2,0,310000.0,0
498,Samuel Umtiti,Barcelona,DF,0.0,42,50,84.0,832,310,0,0,0,0.0,0,0,2,2,2,0,0,1,0,4,0,6250000.0,0
499,Enes Ünal,Getafe,FW,11.0,394,653,60.3,5058,1096,82,24,29.3,11.0,25,48,37,22,2,18,17,25,5,36,0,860000.0,0
500,Myrto Uzuni,Granada,FW,1.3,145,214,67.8,2104,608,11,2,18.2,1.3,9,22,7,4,6,1,0,13,10,7,0,600000.0,0
501,Álvaro Vadillo,Espanyol,DF,0.0,7,10,70.0,105,12,0,0,0,0.0,0,0,1,1,1,0,0,0,0,1,0,620000.0,0
502,Óscar Valentín,Rayo Vallecano,MF,1.6,1102,1320,83.5,20083,6346,11,1,9.1,1.6,16,20,102,53,46,51,5,56,39,43,0,230000.0,0
503,Martin Valjent,Mallorca,DF,0.4,1113,1378,80.8,22489,9561,10,1,10.0,0.4,4,6,31,19,18,12,1,34,31,173,1,700000.0,0
504,Jesús Vallejo,Real Madrid,DF,0.0,188,219,85.8,3328,1162,0,0,0,0.0,2,4,7,5,7,0,0,9,6,16,0,1640000.0,0
505,Manu Vallejo,Alavés,MF,0.7,81,114,71.1,1307,269,3,2,66.7,0.7,1,10,8,2,1,4,3,7,0,4,0,2630000.0,0
506,Federico Valverde,Real Madrid,MF,1.5,1039,1183,87.8,15572,3864,34,9,26.5,1.5,32,50,36,16,11,16,9,23,24,12,0,8330000.0,0
507,José Luis García Vayá,Levante,MF,0.8,1005,1271,79.1,17578,5602,14,2,14.3,0.8,13,20,46,27,10,31,5,24,38,30,0,170000.0,0
508,Kevin Vázquez,Celta Vigo,DF,0.6,678,878,77.2,9832,3394,3,1,33.3,0.6,11,16,34,24,12,13,9,20,36,34,0,960000.0,0
509,Lucas Vázquez,Real Madrid,DF,2.2,1327,1537,86.3,20437,5574,18,5,27.8,2.2,18,31,43,22,24,9,10,25,20,41,1,8440000.0,0
510,Unai Vencedor Paris,Athletic Club,MF,1.3,1013,1310,77.3,19123,6198,20,2,10.0,1.3,25,30,26,11,11,9,6,31,19,22,0,240000.0,0
511,Gonzalo Verdú,Elche,DF,0.1,595,712,83.6,13331,4571,3,0,0.0,0.1,0,0,19,9,15,4,0,20,13,59,1,155000.0,0
512,Mikel Vesga,Athletic Club,MF,1.2,551,719,76.6,9621,3506,14,4,28.6,1.2,9,15,27,14,7,18,2,16,20,34,2,600000.0,0
513,Rúben Vezo,Levante,DF,0.7,1051,1264,83.1,22083,8328,18,4,22.2,0.7,5,8,41,29,28,12,1,41,36,105,1,750000.0,0
514,Aleix Vidal,Espanyol,DF,0.9,877,1093,80.2,14118,4962,6,3,50.0,0.9,12,32,31,25,17,9,5,19,25,35,2,220000.0,0
515,Nacho Vidal,Osasuna,DF,1.5,1069,1514,70.6,18449,8062,21,1,4.8,1.5,23,48,83,47,49,25,9,32,58,79,0,1010000.0,0
516,Dídac Vilà,Espanyol,DF,0.0,70,87,80.5,1049,345,0,0,0,0.0,1,1,7,5,2,5,0,2,3,8,0,1010000.0,0
517,Tonny Vilhena,Espanyol,MF,1.0,236,338,69.8,3312,1130,15,3,20.0,1.0,12,17,16,6,7,8,1,10,8,17,0,750000.0,0
518,Asier Villalibre,Athletic Club,FW,2.7,70,120,58.3,803,111,19,6,31.6,2.7,4,5,4,3,2,1,1,3,1,7,0,1770000.0,0
519,Gonzalo Villar,Getafe,MF,0.5,118,140,84.3,2158,452,2,2,100.0,0.5,8,8,5,3,4,1,0,4,1,1,0,2500000.0,0
520,Vitolo,Getafe,MF,0.0,90,113,79.6,1134,294,1,0,0.0,0.0,5,9,3,2,1,1,1,3,1,1,0,6740000.0,0
521,Daniel Vivian,Athletic Club,DF,1.6,787,951,82.8,16390,6477,17,8,47.1,1.6,4,5,32,21,24,7,1,20,26,107,1,1180000.0,0
522,Šime Vrsaljko,Atlético Madrid,DF,1.1,436,601,72.5,6434,2426,4,1,25.0,1.1,5,7,27,17,14,12,1,10,12,30,0,7330000.0,0
523,Nikola Vukčević,Levante,MF,0.0,60,73,82.2,846,235,1,0,0.0,0.0,1,1,3,2,2,1,0,2,2,1,0,960000.0,0
524,Daniel Wass,Atlético Madrid,DF,0.0,20,28,71.4,254,70,0,0,0,0.0,1,1,0,0,0,0,0,0,0,3,0,1250000.0,0
525,Iñaki Williams,Athletic Club,FW,15.0,420,665,63.2,5590,1095,94,35,37.2,15.0,28,56,14,5,1,6,7,18,3,20,0,5970000.0,0
526,Nico Williams,Athletic Club,MF,3.5,315,455,69.2,3971,921,33,10,30.3,3.5,44,90,20,10,6,11,3,18,5,9,0,2350000.0,0
527,Okay Yokuşlu,Getafe,DF,0.2,155,195,79.5,2884,1076,4,1,25.0,0.2,5,5,9,8,6,2,1,7,5,17,0,1790000.0,0
528,Joseba Zaldúa,Real Sociedad,DF,0.2,473,616,76.8,7937,3205,6,3,50.0,0.2,3,8,31,22,20,8,3,14,13,35,0,1810000.0,0
529,Oier Zarraga,Athletic Club,MF,1.5,378,491,77.0,6095,2423,17,3,17.6,1.5,4,8,13,5,4,7,2,17,19,10,0,1500000.0,0
530,Luca Zidane,Rayo Vallecano,GK,0.0,172,231,74.5,5174,4135,0,0,0,0.0,2,2,0,0,0,0,0,0,0,1,1,155000.0,0
531,Igor Zubeldia,Real Sociedad,DF,0.9,908,1045,86.9,17954,6031,9,2,22.2,0.9,3,6,20,10,12,8,0,16,27,53,0,3420000.0,0
532,Martín Zubimendi,Real Sociedad,MF,2.3,1245,1459,85.3,21021,6373,20,9,45.0,2.3,17,24,52,25,19,30,3,30,49,48,1,1720000.0,0
533,Player,Squad,0,0,0,0,0,0,0,0,0,0,0,0,0,0,0,0,0,0,0,0,0,0,0.0,PSxG
534,Sergio Asenjo,Valladolid,0,0,0,0,0,0,0,0,0,0,0,0,0,0,0,0,0,0,0,0,0,0,0.0,5.7
535,Juan Carlos,Girona,0,0,0,0,0,0,0,0,0,0,0,0,0,0,0,0,0,0,0,0,0,0,0.0,16.7
536,Aitor Fernández,Osasuna,0,0,0,0,0,0,0,0,0,0,0,0,0,0,0,0,0,0,0,0,0,0,0.0,3.4
537,Álvaro Fernández,Espanyol,0,0,0,0,0,0,0,0,0,0,0,0,0,0,0,0,0,0,0,0,0,0,0.0,7.4
538,Fernando,Almería,0,0,0,0,0,0,0,0,0,0,0,0,0,0,0,0,0,0,0,0,0,0,0.0,20.6
539,Paulo Gazzaniga,Girona,0,0,0,0,0,0,0,0,0,0,0,0,0,0,0,0,0,0,0,0,0,0,0.0,7.2
540,Ivo Grbić,Atlético Madrid,0,0,0,0,0,0,0,0,0,0,0,0,0,0,0,0,0,0,0,0,0,0,0.0,2.7
541,Benjamin Lecomte,Espanyol,0,0,0,0,0,0,0,0,0,0,0,0,0,0,0,0,0,0,0,0,0,0,0.0,10.4
542,Diego López,Rayo Vallecano,0,0,0,0,0,0,0,0,0,0,0,0,0,0,0,0,0,0,0,0,0,0,0.0,1.0
543,Agustín Marchesín,Celta Vigo,0,0,0,0,0,0,0,0,0,0,0,0,0,0,0,0,0,0,0,0,0,0,0.0,18.0
544,Jordi Masip,Valladolid,0,0,0,0,0,0,0,0,0,0,0,0,0,0,0,0,0,0,0,0,0,0,0.0,15.2
545,Fernando Pacheco,Almería,0,0,0,0,0,0,0,0,0,0,0,0,0,0,0,0,0,0,0,0,0,0,0.0,1.6
546,Predrag Rajković,Mallorca,0,0,0,0,0,0,0,0,0,0,0,0,0,0,0,0,0,0,0,0,0,0,0.0,16.3
